image_id,annotation_id,label,area_pixels,perimeter_pixels,major_axis_pixels,mean_width_pixels,orientation_degrees,aspect_ratio,solidity,rectangularity,thickness_pixels,mean_intensity,intensity_stddev,circularity,convexity,perimeter_to_major_axis,orientation_sin_2x,orientation_cos_2x
1,1,electron_positron,68200.0,1190.0,439.99993896484375,155.00002150102392,0.0,2.8387098425509234,1.0,1.0000003356039504,155.00002150102392,69.77081516367231,12.229913364304299,0.6052019461191268,1.0,2.7045458297099483,0.0,1.0
2,2,electron_positron,118503.0,1488.0,513.0,231.0,-90.0,2.220779220779221,1.0,1.0,231.0,69.81992150811753,9.981631036976713,0.6725635807397373,1.0,2.9005847953216373,-1.2246467991473532e-16,-1.0
3,3,electron_positron,258063.0,2032.0,509.0,507.0,-90.0,1.0039447731755424,1.0,1.0,507.0,65.50673537131388,11.390132123869389,0.7853951199734782,1.0,3.9921414538310414,-1.2246467991473532e-16,-1.0
3,4,electron_positron,9548.0,402.0,124.0,77.0,0.0,1.6103896103896105,1.0,1.0,77.0,51.96297435897436,5.730311968449248,0.7424550544906152,1.0,3.2419354838709675,0.0,1.0
4,5,electron_positron,184353.0,1732.0,489.0,377.0,0.0,1.297082228116711,1.0,1.0,377.0,65.68825720764497,11.471200413835673,0.7722613466219873,1.0,3.541922290388548,0.0,1.0
5,6,electron_positron,162445.0,1756.0,613.0,265.0,-90.0,2.3132075471698115,1.0,1.0,265.0,62.65568440645588,10.233610848365968,0.6620140236564697,1.0,2.864600326264274,-1.2246467991473532e-16,-1.0
6,7,electron_positron,15792.0,524.0,167.99996948242188,94.00001707531467,0.0,1.7872340080154108,1.0,1.0000003439798828,94.00001707531467,62.50358143880411,10.496498931569825,0.7227438841776413,1.0,3.119048185629742,0.0,1.0
7,8,electron_positron,60240.0,982.0,251.0,240.0,0.0,1.0458333333333334,1.0,1.0,240.0,65.73768359349272,10.48002685469158,0.7850039673481076,1.0,3.912350597609562,0.0,1.0
8,9,electron_positron,27280.0,662.0,176.0,155.0,-90.0,1.135483870967742,1.0,1.0,155.0,59.23446327683615,8.173176512877598,0.7822368141029158,1.0,3.7613636363636362,-1.2246467991473532e-16,-1.0
9,10,electron_positron,15698.0,522.0,166.99996948242188,94.00001717756209,-90.0,1.7765957084161812,1.0,1.0000003450676214,94.00001717756209,68.36654135338345,11.256581848186944,0.7239576852373362,1.0,3.125749074193363,-1.2246467991473532e-16,-1.0
10,11,electron_positron,92664.0,1230.0,351.0,264.0,-90.0,1.3295454545454546,1.0,1.0,264.0,69.5380038593482,21.10033544874886,0.769680855713516,1.0,3.5042735042735043,-1.2246467991473532e-16,-1.0
10,12,electron_positron,50876.0,960.0,322.0,158.0,0.0,2.037974683544304,1.0,1.0,158.0,68.78016628697159,19.520467742628913,0.6937138361286213,1.0,2.981366459627329,0.0,1.0
11,14,electron_positron,79728.0,1132.0,302.0,264.0,0.0,1.143939393939394,1.0,1.0,264.0,70.8424061274052,20.11149190626498,0.7818579926251016,1.0,3.748344370860927,0.0,1.0
12,15,electron_positron,86904.0,1550.0,639.0,136.0,-90.0,4.698529411764706,1.0,1.0,136.0,78.83690693430657,17.83652121787128,0.4545547853778437,1.0,2.4256651017214397,-1.2246467991473532e-16,-1.0
12,16,electron_positron,85746.0,1294.0,461.0,186.0,0.0,2.478494623655914,1.0,1.0,186.0,67.37166932888859,15.779014119780497,0.6435098234264204,1.0,2.806941431670282,0.0,1.0
13,17,electron_positron,77469.0,1148.0,357.0,217.0,-90.0,1.6451612903225807,1.0,1.0,217.0,79.58295320588387,17.19596594992157,0.7386760834808839,1.0,3.215686274509804,-1.2246467991473532e-16,-1.0
14,18,electron_positron,34688.0,798.0,271.0,128.0,0.0,2.1171875,1.0,1.0,128.0,74.91398768809849,17.68111155582053,0.6845155870109028,1.0,2.944649446494465,0.0,1.0
15,19,electron_positron,177174.0,1770.0,579.0,306.0,-90.0,1.892156862745098,1.0,1.0,306.0,72.39656295630687,16.898693511427954,0.7106623726350895,1.0,3.05699481865285,-1.2246467991473532e-16,-1.0
15,20,electron_positron,26754.0,770.0,294.0,91.0,0.0,3.230769230769231,1.0,1.0,91.0,62.18087693441415,13.295561777320202,0.5670444921851329,1.0,2.619047619047619,0.0,1.0
16,21,electron_positron,45900.0,906.0,300.0,153.0,0.0,1.9607843137254901,1.0,1.0,153.0,72.17431073909479,14.566836474781766,0.7026938526076902,1.0,3.02,0.0,1.0
17,22,electron_positron,48316.0,890.0,256.99993896484375,188.0000446482961,-90.0,1.3670211738458469,1.0,1.000000399818545,188.0000446482961,69.76194577744965,10.848514381017557,0.7665152917603558,1.0,3.463035841894684,-1.2246467991473532e-16,-1.0
17,23,electron_positron,43230.0,854.0,261.99993896484375,165.00003843817987,0.0,1.5878787116548871,1.0,1.000000417913762,165.00003843817987,67.95565532090339,13.839852988095023,0.7448680704368847,1.0,3.2595427440713767,0.0,1.0
18,24,electron_positron,122925.0,1444.0,447.0,275.0,0.0,1.6254545454545455,1.0,1.0,275.0,70.49542248964804,18.30208068033873,0.7408251105779676,1.0,3.2304250559284116,0.0,1.0
19,25,electron_positron,25536.0,824.0,336.0,76.0,-90.0,4.421052631578948,1.0,1.0,76.0,65.0622374657983,10.811681720099692,0.47261588039676783,1.0,2.4523809523809526,-1.2246467991473532e-16,-1.0
20,26,electron_positron,33138.0,778.0,263.0,126.0,-90.0,2.0873015873015874,1.0,1.0,126.0,78.88812335958005,17.8066759029989,0.6879818224480314,1.0,2.958174904942966,-1.2246467991473532e-16,-1.0
20,27,electron_positron,26375.0,672.0,211.0,125.0,-90.0,1.688,1.0,1.0,125.0,67.807015573525,12.134340502270192,0.7339454563353068,1.0,3.184834123222749,-1.2246467991473532e-16,-1.0
20,28,electron_positron,10696.0,820.0,382.0,28.0,0.0,13.642857142857142,1.0,1.0,28.0,64.1472044656523,13.419086237773376,0.1998957467150293,1.0,2.1465968586387434,0.0,1.0
21,29,electron_positron,19890.0,666.0,255.0,78.0,-90.0,3.269230769230769,1.0,1.0,78.0,61.12321993670886,14.07242957437268,0.5635029433027711,1.0,2.611764705882353,-1.2246467991473532e-16,-1.0
22,30,electron_positron,35400.0,908.0,354.0,100.0,0.0,3.54,1.0,1.0,100.0,76.97018546925115,13.539306447683114,0.5395620909443162,1.0,2.5649717514124295,0.0,1.0
23,31,electron_positron,12240.0,444.0,120.0,102.0,-90.0,1.1764705882352942,1.0,1.0,102.0,92.05014843938056,14.906581864376413,0.7802348445730677,1.0,3.7,-1.2246467991473532e-16,-1.0
24,32,electron_positron,82411.0,1240.0,426.99993896484375,193.00002758732282,0.0,2.2124352667513465,1.0,1.0000003010617105,193.00002758732282,74.279747567203,15.560495971279511,0.6735218318808232,1.0,2.903981679730622,0.0,1.0
25,33,alpha,16019.0,552.0,192.99996948242188,83.00001312414189,-90.0,2.325301264622932,1.0,1.0000003419630863,83.00001312414189,72.89101620029454,12.05376406268085,0.660643414170538,1.0,2.8601040791888583,-1.2246467991473532e-16,-1.0
25,34,electron_positron,113781.0,1364.0,391.0,291.0,0.0,1.3436426116838487,1.0,1.0,291.0,78.4915694017333,18.579513769642777,0.7685123831883546,1.0,3.4884910485933505,0.0,1.0
26,35,alpha,16653.0,668.0,272.99993896484375,61.00001363789511,-90.0,4.475409395237832,1.0,1.000000348644136,61.00001363789511,76.98033906286791,46.13368632534759,0.46897470741359343,1.0,2.446886993941868,-1.2246467991473532e-16,-1.0
26,36,electron_positron,227395.0,1912.0,511.0,445.0,-90.0,1.148314606741573,1.0,1.0,445.0,76.05504221552691,21.005096480449577,0.7816548001862833,1.0,3.7416829745596867,-1.2246467991473532e-16,-1.0
26,37,electron_positron,10872.0,446.0,151.0,72.0,0.0,2.0972222222222223,1.0,1.0,72.0,87.2723503965393,26.45277613551975,0.6868305280586424,1.0,2.9536423841059603,0.0,1.0
27,38,electron_positron,126795.0,1432.0,394.99993896484375,321.0000496007296,0.0,1.230529638848637,1.0,1.000000344660146,321.0000496007296,73.93898613463831,19.626374207383783,0.7770088334320047,1.0,3.625317015877951,0.0,1.0
27,39,electron_positron,7533.0,348.0,93.0,81.0,-90.0,1.1481481481481481,1.0,1.0,81.0,81.6259730150493,12.24971897521603,0.7816626192195769,1.0,3.7419354838709675,-1.2246467991473532e-16,-1.0
28,40,electron_positron,107440.0,1312.0,340.0,316.0,-90.0,1.0759493670886076,1.0,1.0,316.0,74.18874714376902,21.689837702645626,0.7843469165993256,1.0,3.8588235294117648,-1.2246467991473532e-16,-1.0
29,41,electron_positron,13604.0,510.0,179.0,76.0,0.0,2.3552631578947367,1.0,1.0,76.0,76.95187590187591,16.454328985663214,0.6572583846126189,1.0,2.8491620111731844,0.0,1.0
29,42,electron_positron,54567.0,1104.0,423.0,129.0,0.0,3.2790697674418605,1.0,1.0,129.0,68.0205732946299,14.446356573509519,0.5626026777739519,1.0,2.6099290780141846,0.0,1.0
30,43,electron_positron,11931.0,440.0,122.99998474121094,97.00001203335547,-90.0,1.2680412792781994,1.0,1.000000281362359,97.00001203335547,99.38339368005266,25.30436964590927,0.7744285526855335,1.0,3.5772362161324622,-1.2246467991473532e-16,-1.0
30,44,electron_positron,75660.0,1166.0,387.99993896484375,195.00003067489004,-90.0,1.989743588138457,1.0,1.0000003138075781,195.00003067489004,76.00904989245055,17.716702888662358,0.6993250742760246,1.0,3.005155111907505,-1.2246467991473532e-16,-1.0
30,45,electron_positron,137238.0,1582.0,534.0,257.0,0.0,2.077821011673152,1.0,1.0,257.0,72.25888574947474,17.041684700625883,0.6890826037443298,1.0,2.9625468164794007,0.0,1.0
31,46,electron_positron,27462.0,1286.0,597.0,46.0,0.0,12.978260869565217,1.0,1.0,46.0,72.40019924571266,22.50011706357605,0.20867003536804515,1.0,2.154103852596315,0.0,1.0
32,48,electron_positron,92736.0,1310.0,448.0,207.0,0.0,2.1642512077294684,1.0,1.0,207.0,72.75784863799898,16.719371961318615,0.6790717005379712,1.0,2.924107142857143,0.0,1.0
33,49,electron_positron,122598.0,1438.0,441.0,278.0,-90.0,1.5863309352517985,1.0,1.0,278.0,75.22073014482882,19.53873894538425,0.7450329447381939,1.0,3.2607709750566896,-1.2246467991473532e-16,-1.0
33,50,electron_positron,624.0,422.0,208.0,3.0,0.0,69.33333333333333,1.0,1.0,3.0,63.91028708133971,12.876681918808089,0.04403211553738754,1.0,2.0288461538461537,0.0,1.0
34,51,electron_positron,42262.0,826.0,226.0,187.0,0.0,1.2085561497326203,1.0,1.0,187.0,84.9801293467054,17.432341223123284,0.7783946011644075,1.0,3.6548672566371683,0.0,1.0
