image_id,annotation_id,label,area_pixels,perimeter_pixels,major_axis_pixels,mean_width_pixels,orientation_degrees,aspect_ratio,solidity,rectangularity,thickness_pixels,mean_intensity
1,1,electron_positron,194928.0,2012.0,744.0,262.0,0.0,2.8396946564885495,1.0,1.0,262.0,69.82827468293057
2,2,electron_positron,414960.0,2908.0,1064.0,390.0,-90.0,2.7282051282051283,1.0,1.0,390.0,68.4551445072824
3,3,electron_positron,905648.0,3828.0,1057.999755859375,856.0001975278102,-90.0,1.235981199457928,1.0,1.0000003733623462,856.0001975278102,62.678387065140384
3,4,electron_positron,67200.0,1060.0,320.0,210.0,-90.0,1.5238095238095237,1.0,1.0,210.0,46.943807119339745
4,5,electron_positron,526988.0,2928.0,826.0,638.0,0.0,1.2946708463949843,1.0,1.0,638.0,65.70880475652518
5,6,electron_positron,566272.0,3424.0,1264.0,448.0,-90.0,2.8214285714285716,1.0,1.0,448.0,59.77282674718522
6,7,electron_positron,107920.0,1328.0,380.0,284.0,-90.0,1.3380281690140845,1.0,1.0,284.0,56.44648892572639
7,8,electron_positron,251856.0,2036.0,594.0,424.0,-90.0,1.400943396226415,1.0,1.0,424.0,62.533817103311904
8,9,electron_positron,131000.0,1524.0,500.0,262.0,-90.0,1.9083969465648856,1.0,1.0,262.0,55.08475824017364
9,10,electron_positron,72320.0,1224.0,452.0,160.0,-90.0,2.825,1.0,1.0,160.0,65.82268657534998
10,11,electron_positron,362598.0,2518.0,813.0,446.0,-90.0,1.8228699551569507,1.0,1.0,446.0,67.27425808969434
10,12,electron_positron,145248.0,1622.0,544.0,267.0,0.0,2.0374531835205993,1.0,1.0,267.0,68.79685060933863
11,13,electron_positron,29184.0,740.0,256.0,114.0,0.0,2.245614035087719,1.0,1.0,114.0,62.37601082727119
11,14,electron_positron,227460.0,1912.0,510.0,446.0,0.0,1.1434977578475336,1.0,1.0,446.0,70.92940980750119
12,15,electron_positron,344540.0,3456.0,1497.999755859375,230.00003748488177,-90.0,6.513043280963836,1.0,1.0000002956629084,230.00003748488177,74.11020045109437
12,16,electron_positron,389000.0,2556.0,778.0,500.0,0.0,1.556,1.0,1.0,500.0,61.67736926660159
13,17,electron_positron,220332.0,1936.0,602.0,366.0,-90.0,1.644808743169399,1.0,1.0,366.0,79.65410459058025
14,18,electron_positron,98928.0,1348.0,458.0,216.0,0.0,2.1203703703703702,1.0,1.0,216.0,74.92407859201028
15,19,electron_positron,504648.0,2988.0,978.0,516.0,-90.0,1.8953488372093024,1.0,1.0,516.0,72.38395275643444
15,20,electron_positron,76384.0,1300.0,496.0,154.0,0.0,3.220779220779221,1.0,1.0,154.0,62.2920360874927
16,21,electron_positron,130806.0,1530.0,507.0,258.0,0.0,1.9651162790697674,1.0,1.0,258.0,72.18231082601162
17,22,electron_positron,138330.0,1506.0,434.99993896484375,318.00004461881014,-90.0,1.3679245989192936,1.0,1.000000332245241,318.00004461881014,69.75959132610508
17,23,electron_positron,190032.0,1744.0,443.99993896484375,428.00005883569924,0.0,1.037383182901141,1.0,1.0000002800721322,428.00005883569924,63.20162908252796
18,24,electron_positron,351075.0,2440.0,755.0,465.0,0.0,1.6236559139784945,1.0,1.0,465.0,70.47329802211776
19,25,electron_positron,95331.0,1736.0,738.9998779296875,129.0000213086237,-90.0,5.728682579497718,1.0,1.0000004017535975,129.0000213086237,61.32692307692307
20,26,electron_positron,131847.0,1664.0,619.0,213.0,-90.0,2.9061032863849765,1.0,1.0,213.0,72.36909858305698
20,27,electron_positron,75472.0,1136.0,356.0,212.0,-90.0,1.679245283018868,1.0,1.0,212.0,67.85397351428834
20,28,electron_positron,153748.0,1768.0,646.0,238.0,0.0,2.7142857142857144,1.0,1.0,238.0,57.30554926826745
21,29,electron_positron,78408.0,1452.0,594.0,132.0,-90.0,4.5,1.0,1.0,132.0,58.19858469703671
22,30,electron_positron,111228.0,1568.0,598.0,186.0,0.0,3.21505376344086,1.0,1.0,186.0,76.70182925196183
23,31,electron_positron,35322.0,754.0,203.0,174.0,-90.0,1.1666666666666667,1.0,1.0,174.0,91.88442577030813
24,32,electron_positron,320568.0,2332.0,722.0,444.0,0.0,1.6261261261261262,1.0,1.0,444.0,70.1326402163271
25,33,alpha,80080.0,1424.0,572.0,140.0,-90.0,4.085714285714285,1.0,1.0,140.0,68.59892564949934
25,34,electron_positron,325704.0,2308.0,661.9998779296875,492.000090722968,0.0,1.3455283740939472,1.0,1.0000003084515103,492.000090722968,78.42042593289462
26,35,alpha,60112.0,1364.0,578.0,104.0,-90.0,5.5576923076923075,1.0,1.0,104.0,78.53392548729337
26,36,electron_positron,654121.0,3244.0,870.9998779296875,751.0001052523737,-90.0,1.159786976704722,1.0,1.000000302693373,751.0001052523737,75.96289710618778
26,37,electron_positron,31232.0,756.0,255.99996948242188,122.00001454353506,0.0,2.0983606680398745,1.0,1.0000002442813758,122.00001454353506,87.1628230679194
27,38,electron_positron,467600.0,2736.0,700.0,668.0,-90.0,1.0479041916167664,1.0,1.0,668.0,72.10512208696096
27,39,electron_positron,25568.0,648.0,187.99996948242188,136.00002207654947,-90.0,1.3823530269741793,1.0,1.0000003867216132,136.00002207654947,80.80817209284363
28,40,electron_positron,333216.0,2316.0,624.0,534.0,-90.0,1.1685393258426966,1.0,1.0,534.0,73.88055925233645
29,41,electron_positron,67044.0,1048.0,302.0,222.0,0.0,1.3603603603603605,1.0,1.0,222.0,73.44853409107726
29,42,electron_positron,161364.0,1880.0,714.0,226.0,0.0,3.15929203539823,1.0,1.0,226.0,67.77913188133452
30,43,electron_positron,34112.0,744.0,207.99996948242188,164.00002406194014,-90.0,1.2682927328514904,1.0,1.0000003328020024,164.00002406194014,99.45567638103523
30,44,electron_positron,249810.0,2174.0,756.9998779296875,330.00005321427955,-90.0,2.29393944830497,1.0,1.0000003462104756,330.00005321427955,73.54211671675343
30,45,electron_positron,437886.0,2774.0,900.9998779296875,486.0000658448168,0.0,1.8539094466735395,1.0,1.0000002610699361,486.0000658448168,71.01790681897859
31,46,electron_positron,357186.0,2726.0,1009.0,354.0,0.0,2.8502824858757063,1.0,1.0,354.0,74.28191605076
31,47,electron_positron,45292.0,944.0,338.0,134.0,0.0,2.5223880597014925,1.0,1.0,134.0,54.37554900032776
32,48,electron_positron,444359.0,2688.0,757.0,587.0,0.0,1.2896081771720613,1.0,1.0,587.0,69.64330138387808
33,49,electron_positron,440390.0,2814.0,936.9998779296875,470.00006123058097,-90.0,1.993617020447689,1.0,1.0000002601399,470.00006123058097,70.23433107438241
33,50,electron_positron,67584.0,1088.0,352.0,192.0,0.0,1.8333333333333333,1.0,1.0,192.0,58.97319790397628
34,51,electron_positron,121094.0,1398.0,382.0,317.0,0.0,1.2050473186119874,1.0,1.0,317.0,84.98016322643151
