image_id,file_name,mask_file,alpha,electron_positron,proton,v_track,total_instances
1,external_dataset/images/2021-03-06_17-54-05 00224.jpg,2021-03-06_17-54-05 00224.npz,9,4,0,0,13
2,external_dataset/images/2021-03-06_17-54-05 00225.jpg,2021-03-06_17-54-05 00225.npz,7,6,0,2,15
3,external_dataset/images/2021-03-06_17-54-05 00226.jpg,2021-03-06_17-54-05 00226.npz,6,9,0,2,17
4,external_dataset/images/2021-03-06_17-54-05 00263.jpg,2021-03-06_17-54-05 00263.npz,2,9,0,3,14
5,external_dataset/images/2021-03-06_17-54-05 00441.jpg,2021-03-06_17-54-05 00441.npz,1,10,2,0,13
6,external_dataset/images/2021-03-06_17-54-05 00580.jpg,2021-03-06_17-54-05 00580.npz,4,10,0,2,16
7,external_dataset/images/2021-03-06_17-54-05 00581.jpg,2021-03-06_17-54-05 00581.npz,2,5,0,2,9
8,external_dataset/images/2021-03-06_17-54-05 00848.jpg,2021-03-06_17-54-05 00848.npz,3,14,2,0,19
9,external_dataset/images/2021-03-06_17-54-05 00899.jpg,2021-03-06_17-54-05 00899.npz,2,10,2,0,14
10,external_dataset/images/2021-03-06_17-54-05 00912.jpg,2021-03-06_17-54-05 00912.npz,1,6,2,0,9
11,external_dataset/images/2021-03-06_17-54-05 00928.jpg,2021-03-06_17-54-05 00928.npz,1,5,2,0,8
12,external_dataset/images/2021-03-06_17-54-05 01043.jpg,2021-03-06_17-54-05 01043.npz,3,12,2,0,17
13,external_dataset/images/2021-03-06_17-54-05 01044.jpg,2021-03-06_17-54-05 01044.npz,4,3,1,0,8
14,external_dataset/images/2021-03-06_17-54-05 01521.jpg,2021-03-06_17-54-05 01521.npz,1,8,0,1,10
15,external_dataset/images/2021-03-06_17-54-05 01883.jpg,2021-03-06_17-54-05 01883.npz,3,14,0,2,19
16,external_dataset/images/2021-03-06_17-54-05 02158.jpg,2021-03-06_17-54-05 02158.npz,5,13,1,0,19
17,external_dataset/images/2021-03-06_17-54-05 02249.jpg,2021-03-06_17-54-05 02249.npz,0,10,2,2,14
18,external_dataset/images/2021-03-06_17-54-05 02770.jpg,2021-03-06_17-54-05 02770.npz,0,10,2,0,12
19,external_dataset/images/2021-03-06_17-54-05 03006.jpg,2021-03-06_17-54-05 03006.npz,2,13,1,0,16
20,external_dataset/images/2021-03-06_17-54-05 03301.jpg,2021-03-06_17-54-05 03301.npz,5,8,2,0,15
21,external_dataset/images/2021-03-06_17-54-05 03302.jpg,2021-03-06_17-54-05 03302.npz,3,10,3,0,16
22,external_dataset/images/2021-03-06_17-54-05 03444.jpg,2021-03-06_17-54-05 03444.npz,6,12,2,0,20
23,external_dataset/images/2021-03-06_17-54-05 04169.jpg,2021-03-06_17-54-05 04169.npz,1,14,0,2,17
24,external_dataset/images/2021-03-06_17-54-05 04212.jpg,2021-03-06_17-54-05 04212.npz,1,8,1,0,10
25,external_dataset/images/2021-03-06_17-54-05 04221.jpg,2021-03-06_17-54-05 04221.npz,3,6,1,0,10
26,external_dataset/images/2021-03-06_17-54-05 04345.jpg,2021-03-06_17-54-05 04345.npz,0,14,2,0,16
27,external_dataset/images/2021-03-06_17-54-05 05774.jpg,2021-03-06_17-54-05 05774.npz,1,16,0,2,19
28,external_dataset/images/2021-03-06_17-54-05 05775.jpg,2021-03-06_17-54-05 05775.npz,2,10,0,2,14
29,external_dataset/images/2021-03-06_17-54-05 05780.jpg,2021-03-06_17-54-05 05780.npz,3,15,0,2,20
30,external_dataset/images/2021-03-06_17-54-05 05820.jpg,2021-03-06_17-54-05 05820.npz,2,10,0,2,14
31,external_dataset/images/2021-03-06_17-54-05 06211.jpg,2021-03-06_17-54-05 06211.npz,2,4,1,0,7
32,external_dataset/images/2021-03-06_17-54-05 06329.jpg,2021-03-06_17-54-05 06329.npz,1,10,1,0,12
33,external_dataset/images/2021-03-06_17-54-05 06598.jpg,2021-03-06_17-54-05 06598.npz,1,10,3,1,15
34,external_dataset/images/2021-03-06_17-54-05 06883.jpg,2021-03-06_17-54-05 06883.npz,2,7,1,0,10
35,external_dataset/images/2021-03-06_17-54-05 07057.jpg,2021-03-06_17-54-05 07057.npz,4,15,1,0,20
36,external_dataset/images/2021-03-06_17-54-05 07353.jpg,2021-03-06_17-54-05 07353.npz,1,17,2,0,20
37,external_dataset/images/2021-03-06_17-54-05 07607.jpg,2021-03-06_17-54-05 07607.npz,3,11,2,0,16
38,external_dataset/images/2021-03-06_17-54-05 09249.jpg,2021-03-06_17-54-05 09249.npz,3,6,2,0,11
39,external_dataset/images/2021-03-06_17-54-05 09797.jpg,2021-03-06_17-54-05 09797.npz,2,15,2,2,21
40,external_dataset/images/2021-03-06_17-54-05 10246.jpg,2021-03-06_17-54-05 10246.npz,0,15,1,0,16
41,external_dataset/images/2021-03-06_17-54-05 10370.jpg,2021-03-06_17-54-05 10370.npz,5,11,0,2,18
42,external_dataset/images/2021-03-06_17-54-05 10371.jpg,2021-03-06_17-54-05 10371.npz,4,17,0,1,22
43,external_dataset/images/2021-03-06_17-54-05 10372.jpg,2021-03-06_17-54-05 10372.npz,3,15,0,1,19
44,external_dataset/images/2021-03-06_17-54-05 11009.jpg,2021-03-06_17-54-05 11009.npz,2,5,1,0,8
45,external_dataset/images/2021-03-06_17-54-05 11010.jpg,2021-03-06_17-54-05 11010.npz,2,16,3,0,21
46,external_dataset/images/2021-03-06_17-54-05 11488.jpg,2021-03-06_17-54-05 11488.npz,3,12,1,0,16
47,external_dataset/images/2021-03-06_17-54-05 11522.jpg,2021-03-06_17-54-05 11522.npz,3,9,2,0,14
48,external_dataset/images/2021-03-06_17-54-05 11613.jpg,2021-03-06_17-54-05 11613.npz,1,11,0,2,14
49,external_dataset/images/2021-03-06_17-54-05 11928.jpg,2021-03-06_17-54-05 11928.npz,1,4,1,0,6
50,external_dataset/images/2021-03-06_17-54-05 12897.jpg,2021-03-06_17-54-05 12897.npz,4,15,1,0,20
51,external_dataset/images/2021-03-06_17-54-05 13006.jpg,2021-03-06_17-54-05 13006.npz,2,4,2,0,8
52,external_dataset/images/2021-03-06_17-54-05 13346.jpg,2021-03-06_17-54-05 13346.npz,2,8,0,2,12
53,external_dataset/images/2021-03-06_17-54-05 13776.jpg,2021-03-06_17-54-05 13776.npz,5,6,3,0,14
54,external_dataset/images/2021-03-06_17-54-05 15327.jpg,2021-03-06_17-54-05 15327.npz,13,8,2,0,23
55,external_dataset/images/2021-03-06_17-54-05 15328.jpg,2021-03-06_17-54-05 15328.npz,8,7,2,0,17
56,external_dataset/images/2021-03-06_17-54-05 15417.jpg,2021-03-06_17-54-05 15417.npz,0,7,3,0,10
57,external_dataset/images/2021-03-06_17-54-05 15524.jpg,2021-03-06_17-54-05 15524.npz,2,6,2,0,10
58,external_dataset/images/2021-03-06_17-54-05 15597.jpg,2021-03-06_17-54-05 15597.npz,2,9,3,0,14
59,external_dataset/images/2021-03-06_17-54-05 16095.jpg,2021-03-06_17-54-05 16095.npz,1,10,1,0,12
60,external_dataset/images/2021-03-06_17-54-05 16423.jpg,2021-03-06_17-54-05 16423.npz,1,4,1,0,6
61,external_dataset/images/2021-03-06_17-54-05 16542.jpg,2021-03-06_17-54-05 16542.npz,3,11,1,0,15
62,external_dataset/images/2021-03-06_17-54-05 16926.jpg,2021-03-06_17-54-05 16926.npz,4,3,2,0,9
63,external_dataset/images/2021-03-06_17-54-05 17072.jpg,2021-03-06_17-54-05 17072.npz,3,8,2,0,13
64,external_dataset/images/2021-03-06_17-54-05 17084.jpg,2021-03-06_17-54-05 17084.npz,4,10,1,0,15
65,external_dataset/images/2021-03-06_17-54-05 17090.jpg,2021-03-06_17-54-05 17090.npz,4,6,1,0,11
66,external_dataset/images/2021-03-06_17-54-05 17373.jpg,2021-03-06_17-54-05 17373.npz,1,8,1,0,10
67,external_dataset/images/2021-03-06_17-54-05 17384.jpg,2021-03-06_17-54-05 17384.npz,5,18,1,0,24
68,external_dataset/images/2021-03-06_17-54-05 17385.jpg,2021-03-06_17-54-05 17385.npz,5,18,1,0,24
69,external_dataset/images/2021-03-06_17-54-05 17545.jpg,2021-03-06_17-54-05 17545.npz,4,13,1,0,18
70,external_dataset/images/2021-03-06_17-54-05 17727.jpg,2021-03-06_17-54-05 17727.npz,1,6,2,0,9
71,external_dataset/images/2021-03-06_17-54-05 17815.jpg,2021-03-06_17-54-05 17815.npz,1,17,1,0,19
72,external_dataset/images/2021-03-06_17-54-05 18255.jpg,2021-03-06_17-54-05 18255.npz,2,13,1,0,16
73,external_dataset/images/2021-03-06_17-54-05 18471.jpg,2021-03-06_17-54-05 18471.npz,4,11,1,0,16
74,external_dataset/images/2021-03-06_17-54-05 18809.jpg,2021-03-06_17-54-05 18809.npz,5,15,1,0,21
75,external_dataset/images/2021-03-06_17-54-05 19081.jpg,2021-03-06_17-54-05 19081.npz,4,6,1,0,11
76,external_dataset/images/2021-03-06_17-54-05 19440.jpg,2021-03-06_17-54-05 19440.npz,2,6,1,0,9
77,external_dataset/images/2021-03-06_17-54-05 19441.jpg,2021-03-06_17-54-05 19441.npz,2,8,1,0,11
78,external_dataset/images/2021-03-06_17-54-05 20029.jpg,2021-03-06_17-54-05 20029.npz,4,10,1,0,15
79,external_dataset/images/2021-03-06_17-54-05 20130.jpg,2021-03-06_17-54-05 20130.npz,0,9,2,0,11
80,external_dataset/images/2021-03-06_17-54-05 20645.jpg,2021-03-06_17-54-05 20645.npz,1,6,1,0,8
81,external_dataset/images/2021-03-06_17-54-05 20646.jpg,2021-03-06_17-54-05 20646.npz,5,4,2,0,11
82,external_dataset/images/2021-03-06_17-54-05 21692.jpg,2021-03-06_17-54-05 21692.npz,1,10,1,0,12
83,external_dataset/images/2021-03-06_17-54-05 22099.jpg,2021-03-06_17-54-05 22099.npz,0,10,1,0,11
84,external_dataset/images/2021-03-06_17-54-05 22614.jpg,2021-03-06_17-54-05 22614.npz,5,8,1,0,14
85,external_dataset/images/2021-03-06_17-54-05 22984.jpg,2021-03-06_17-54-05 22984.npz,4,22,1,0,27
86,external_dataset/images/2021-03-06_17-54-05 23982.jpg,2021-03-06_17-54-05 23982.npz,5,7,0,1,13
87,external_dataset/images/2021-03-06_17-54-05 23983.jpg,2021-03-06_17-54-05 23983.npz,4,2,0,2,8
88,external_dataset/images/2021-03-06_17-54-05 23984.jpg,2021-03-06_17-54-05 23984.npz,2,10,0,1,13
89,external_dataset/images/2021-03-06_17-54-05 24302.jpg,2021-03-06_17-54-05 24302.npz,4,10,1,0,15
90,external_dataset/images/2021-03-06_17-54-05 24303.jpg,2021-03-06_17-54-05 24303.npz,1,9,2,0,12
91,external_dataset/images/2021-03-06_17-54-05 25003.jpg,2021-03-06_17-54-05 25003.npz,6,11,1,0,18
92,external_dataset/images/2021-03-06_17-54-05 25243.jpg,2021-03-06_17-54-05 25243.npz,2,7,1,0,10
93,external_dataset/images/2021-03-06_17-54-05 25887.jpg,2021-03-06_17-54-05 25887.npz,5,11,3,0,19
94,external_dataset/images/2021-03-06_17-54-05 26116.jpg,2021-03-06_17-54-05 26116.npz,2,9,2,0,13
95,external_dataset/images/2021-03-06_17-54-05 26117.jpg,2021-03-06_17-54-05 26117.npz,1,8,2,0,11
96,external_dataset/images/2021-03-06_17-54-05 26238.jpg,2021-03-06_17-54-05 26238.npz,2,7,3,0,12
97,external_dataset/images/2021-03-06_17-54-05 26306.jpg,2021-03-06_17-54-05 26306.npz,2,3,1,0,6
98,external_dataset/images/2021-03-06_17-54-05 26316.jpg,2021-03-06_17-54-05 26316.npz,3,5,0,2,10
99,external_dataset/images/2021-03-06_17-54-05 26317.jpg,2021-03-06_17-54-05 26317.npz,2,7,0,2,11
100,external_dataset/images/2021-03-06_17-54-05 26318.jpg,2021-03-06_17-54-05 26318.npz,2,10,0,2,14
101,external_dataset/images/2021-03-06_17-54-05 26401.jpg,2021-03-06_17-54-05 26401.npz,2,9,3,0,14
102,external_dataset/images/2021-03-06_17-54-05 26431.jpg,2021-03-06_17-54-05 26431.npz,8,5,2,0,15
103,external_dataset/images/2021-03-06_17-54-05 26435.jpg,2021-03-06_17-54-05 26435.npz,2,11,0,1,14
104,external_dataset/images/2021-03-06_17-54-05 26539.jpg,2021-03-06_17-54-05 26539.npz,2,7,1,0,10
105,external_dataset/images/2021-03-06_17-54-05 26848.jpg,2021-03-06_17-54-05 26848.npz,7,9,0,0,16
106,external_dataset/images/2021-03-06_17-54-05 26969.jpg,2021-03-06_17-54-05 26969.npz,8,8,0,1,17
107,external_dataset/images/2021-03-06_17-54-05 26970.jpg,2021-03-06_17-54-05 26970.npz,6,5,0,1,12
108,external_dataset/images/2021-03-06_17-54-05 27191.jpg,2021-03-06_17-54-05 27191.npz,4,4,1,0,9
109,external_dataset/images/2021-03-06_17-54-05 27192.jpg,2021-03-06_17-54-05 27192.npz,2,14,2,0,18
110,external_dataset/images/2021-03-06_17-54-05 27423.jpg,2021-03-06_17-54-05 27423.npz,1,5,0,2,8
111,external_dataset/images/2021-03-06_17-54-05 27424.jpg,2021-03-06_17-54-05 27424.npz,1,8,0,2,11
112,external_dataset/images/2021-03-06_17-54-05 27458.jpg,2021-03-06_17-54-05 27458.npz,3,6,2,0,11
113,external_dataset/images/2021-03-06_17-54-05 27635.jpg,2021-03-06_17-54-05 27635.npz,1,10,1,0,12
114,external_dataset/images/2021-03-06_17-54-05 27636.jpg,2021-03-06_17-54-05 27636.npz,1,2,1,0,4
115,external_dataset/images/2021-03-06_17-54-05 27901.jpg,2021-03-06_17-54-05 27901.npz,3,6,3,0,12
116,external_dataset/images/2021-03-06_17-54-05 27992.jpg,2021-03-06_17-54-05 27992.npz,8,10,0,0,18
117,external_dataset/images/2021-03-06_17-54-05 27993.jpg,2021-03-06_17-54-05 27993.npz,1,5,0,2,8
118,external_dataset/images/2021-03-06_17-54-05 27994.jpg,2021-03-06_17-54-05 27994.npz,1,10,0,2,13
119,external_dataset/images/2021-03-06_17-54-05 28086.jpg,2021-03-06_17-54-05 28086.npz,8,15,0,1,24
120,external_dataset/images/2021-03-06_17-54-05 28087.jpg,2021-03-06_17-54-05 28087.npz,8,12,0,1,21
121,external_dataset/images/2021-03-06_17-54-05 28113.jpg,2021-03-06_17-54-05 28113.npz,4,12,0,1,17
122,external_dataset/images/2021-03-06_17-54-05 28114.jpg,2021-03-06_17-54-05 28114.npz,2,6,0,1,9
123,external_dataset/images/2021-03-06_17-54-05 28219.jpg,2021-03-06_17-54-05 28219.npz,1,20,0,1,22
124,external_dataset/images/2021-03-06_17-54-05 28220.jpg,2021-03-06_17-54-05 28220.npz,3,0,0,1,4
125,external_dataset/images/2021-03-06_17-54-05 28221.jpg,2021-03-06_17-54-05 28221.npz,3,7,0,2,12
126,external_dataset/images/2021-03-06_17-54-05 28225.jpg,2021-03-06_17-54-05 28225.npz,4,8,0,1,13
127,external_dataset/images/2021-03-06_17-54-05 28334.jpg,2021-03-06_17-54-05 28334.npz,2,2,2,0,6
128,external_dataset/images/2021-03-06_17-54-05 28719.jpg,2021-03-06_17-54-05 28719.npz,1,8,0,2,11
129,external_dataset/images/2021-03-06_17-54-05 28720.jpg,2021-03-06_17-54-05 28720.npz,2,13,0,1,16
130,external_dataset/images/2021-03-06_17-54-05 28721.jpg,2021-03-06_17-54-05 28721.npz,2,12,0,1,15
131,external_dataset/images/2021-03-06_17-54-05 28874.jpg,2021-03-06_17-54-05 28874.npz,0,7,2,0,9
132,external_dataset/images/2021-03-06_17-54-05 28941.jpg,2021-03-06_17-54-05 28941.npz,5,11,2,0,18
133,external_dataset/images/2021-03-06_17-54-05 28964.jpg,2021-03-06_17-54-05 28964.npz,2,12,4,0,18
134,external_dataset/images/2021-03-06_17-54-05 28976.jpg,2021-03-06_17-54-05 28976.npz,6,13,1,0,20
135,external_dataset/images/2021-03-06_17-54-05 29023.jpg,2021-03-06_17-54-05 29023.npz,2,11,1,0,14
136,external_dataset/images/2021-03-06_17-54-05 30450.jpg,2021-03-06_17-54-05 30450.npz,1,3,1,0,5
137,external_dataset/images/2021-03-06_17-54-05 30787.jpg,2021-03-06_17-54-05 30787.npz,4,7,2,0,13
138,external_dataset/images/2021-03-06_17-54-05 30801.jpg,2021-03-06_17-54-05 30801.npz,1,9,3,0,13
139,external_dataset/images/2021-03-06_17-54-05 30802.jpg,2021-03-06_17-54-05 30802.npz,0,15,5,0,20
140,external_dataset/images/2021-03-06_17-54-05 31210.jpg,2021-03-06_17-54-05 31210.npz,4,11,1,0,16
141,external_dataset/images/2021-03-06_17-54-05 31211.jpg,2021-03-06_17-54-05 31211.npz,5,6,2,0,13
142,external_dataset/images/2021-03-06_17-54-05 31439.jpg,2021-03-06_17-54-05 31439.npz,3,9,3,0,15
143,external_dataset/images/2021-03-06_17-54-05 31524.jpg,2021-03-06_17-54-05 31524.npz,5,10,1,0,16
144,external_dataset/images/2021-03-06_17-54-05 31947.jpg,2021-03-06_17-54-05 31947.npz,2,11,0,2,15
145,external_dataset/images/2021-03-06_17-54-05 31948.jpg,2021-03-06_17-54-05 31948.npz,1,7,0,3,11
146,external_dataset/images/2021-03-06_17-54-05 32252.jpg,2021-03-06_17-54-05 32252.npz,2,9,1,0,12
147,external_dataset/images/2021-03-06_17-54-05 32837.jpg,2021-03-06_17-54-05 32837.npz,3,9,2,0,14
148,external_dataset/images/2021-03-06_17-54-05 33034.jpg,2021-03-06_17-54-05 33034.npz,2,12,0,1,15
149,external_dataset/images/2021-03-06_17-54-05 33035.jpg,2021-03-06_17-54-05 33035.npz,2,8,0,1,11
150,external_dataset/images/2021-03-06_17-54-05 33565.jpg,2021-03-06_17-54-05 33565.npz,1,11,0,2,14
151,external_dataset/images/2021-03-06_17-54-05 33566.jpg,2021-03-06_17-54-05 33566.npz,2,15,0,2,19
152,external_dataset/images/2021-03-06_17-54-05 33567.jpg,2021-03-06_17-54-05 33567.npz,2,7,0,2,11
153,external_dataset/images/2021-03-06_17-54-05 33922.jpg,2021-03-06_17-54-05 33922.npz,11,10,0,0,21
154,external_dataset/images/2021-03-06_17-54-05 33923.jpg,2021-03-06_17-54-05 33923.npz,11,15,0,0,26
155,external_dataset/images/2021-03-06_17-54-05 33975.jpg,2021-03-06_17-54-05 33975.npz,1,6,1,0,8
156,external_dataset/images/2021-03-06_17-54-05 33976.jpg,2021-03-06_17-54-05 33976.npz,1,8,1,0,10
157,external_dataset/images/2021-03-06_17-54-05 34004.jpg,2021-03-06_17-54-05 34004.npz,1,10,1,0,12
158,external_dataset/images/2021-03-06_17-54-05 34067.jpg,2021-03-06_17-54-05 34067.npz,3,10,1,0,14
159,external_dataset/images/2021-03-06_17-54-05 34405.jpg,2021-03-06_17-54-05 34405.npz,2,6,1,0,9
160,external_dataset/images/2021-03-06_17-54-05 34502.jpg,2021-03-06_17-54-05 34502.npz,2,12,1,0,15
161,external_dataset/images/2021-03-06_17-54-05 34993.jpg,2021-03-06_17-54-05 34993.npz,0,17,2,0,19
162,external_dataset/images/2021-03-06_17-54-05 35046.jpg,2021-03-06_17-54-05 35046.npz,6,8,1,0,15
163,external_dataset/images/2021-03-06_17-54-05 35047.jpg,2021-03-06_17-54-05 35047.npz,6,24,2,0,32
164,external_dataset/images/2021-03-06_17-54-05 35493.jpg,2021-03-06_17-54-05 35493.npz,1,12,1,0,14
165,external_dataset/images/2021-03-06_17-54-05 36035.jpg,2021-03-06_17-54-05 36035.npz,2,7,4,0,13
166,external_dataset/images/2021-03-06_17-54-05 36301.jpg,2021-03-06_17-54-05 36301.npz,1,10,1,0,12
167,external_dataset/images/2021-03-06_17-54-05 36792.jpg,2021-03-06_17-54-05 36792.npz,0,10,2,0,12
168,external_dataset/images/2021-03-06_17-54-05 36823.jpg,2021-03-06_17-54-05 36823.npz,3,18,4,0,25
169,external_dataset/images/2021-03-06_17-54-05 36824.jpg,2021-03-06_17-54-05 36824.npz,2,11,3,0,16
170,external_dataset/images/2021-03-06_17-54-05 36828.jpg,2021-03-06_17-54-05 36828.npz,3,8,0,2,13
171,external_dataset/images/2021-03-06_17-54-05 37533.jpg,2021-03-06_17-54-05 37533.npz,4,7,1,0,12
172,external_dataset/images/2021-03-06_17-54-05 37815.jpg,2021-03-06_17-54-05 37815.npz,3,10,0,2,15
173,external_dataset/images/2021-03-06_17-54-05 38081.jpg,2021-03-06_17-54-05 38081.npz,4,13,1,0,18
174,external_dataset/images/2021-03-06_17-54-05 38174.jpg,2021-03-06_17-54-05 38174.npz,7,10,0,0,17
175,external_dataset/images/2021-03-06_17-54-05 38274.jpg,2021-03-06_17-54-05 38274.npz,9,7,0,0,16
176,external_dataset/images/2021-03-06_17-54-05 38290.jpg,2021-03-06_17-54-05 38290.npz,9,13,0,0,22
177,external_dataset/images/2021-03-06_17-54-05 38291.jpg,2021-03-06_17-54-05 38291.npz,9,18,0,0,27
178,external_dataset/images/2021-03-06_17-54-05 38292.jpg,2021-03-06_17-54-05 38292.npz,14,19,0,0,33
179,external_dataset/images/2021-03-06_17-54-05 38680.jpg,2021-03-06_17-54-05 38680.npz,8,12,0,0,20
180,external_dataset/images/2021-03-06_17-54-05 38773.jpg,2021-03-06_17-54-05 38773.npz,2,15,1,0,18
181,external_dataset/images/2021-03-06_17-54-05 38876.jpg,2021-03-06_17-54-05 38876.npz,2,12,1,0,15
182,external_dataset/images/2021-03-06_17-54-05 38995.jpg,2021-03-06_17-54-05 38995.npz,4,11,2,0,17
183,external_dataset/images/2021-03-06_17-54-05 39187.jpg,2021-03-06_17-54-05 39187.npz,7,18,0,0,25
184,external_dataset/images/2021-03-06_17-54-05 39368.jpg,2021-03-06_17-54-05 39368.npz,6,7,3,0,16
185,external_dataset/images/2021-03-06_17-54-05 39889.jpg,2021-03-06_17-54-05 39889.npz,7,2,1,0,10
186,external_dataset/images/2021-03-06_17-54-05 40094.jpg,2021-03-06_17-54-05 40094.npz,3,9,2,2,16
187,external_dataset/images/2021-03-06_17-54-05 40213.jpg,2021-03-06_17-54-05 40213.npz,6,10,0,2,18
188,external_dataset/images/2021-03-06_17-54-05 40214.jpg,2021-03-06_17-54-05 40214.npz,6,11,0,2,19
189,external_dataset/images/2021-03-06_17-54-05 40344.jpg,2021-03-06_17-54-05 40344.npz,3,18,0,5,26
190,external_dataset/images/2021-03-06_17-54-05 40433.jpg,2021-03-06_17-54-05 40433.npz,2,13,1,0,16
191,external_dataset/images/2021-03-06_17-54-05 40688.jpg,2021-03-06_17-54-05 40688.npz,2,15,0,1,18
192,external_dataset/images/2021-03-06_17-54-05 40689.jpg,2021-03-06_17-54-05 40689.npz,1,12,0,2,15
193,external_dataset/images/2021-03-06_17-54-05 40690.jpg,2021-03-06_17-54-05 40690.npz,3,17,0,3,23
194,external_dataset/images/2021-03-06_17-54-05 40694.jpg,2021-03-06_17-54-05 40694.npz,6,13,1,0,20
195,external_dataset/images/2021-03-06_17-54-05 40695.jpg,2021-03-06_17-54-05 40695.npz,5,6,2,0,13
196,external_dataset/images/2021-03-06_17-54-05 41180.jpg,2021-03-06_17-54-05 41180.npz,1,6,1,0,8
197,external_dataset/images/2021-03-06_17-54-05 41364.jpg,2021-03-06_17-54-05 41364.npz,5,7,0,2,14
198,external_dataset/images/2021-03-06_17-54-05 41365.jpg,2021-03-06_17-54-05 41365.npz,5,15,0,2,22
199,external_dataset/images/2021-03-06_17-54-05 41529.jpg,2021-03-06_17-54-05 41529.npz,0,9,1,0,10
200,external_dataset/images/2021-03-06_17-54-05 41796.jpg,2021-03-06_17-54-05 41796.npz,5,6,2,0,13
201,external_dataset/images/2021-03-06_17-54-05 42739.jpg,2021-03-06_17-54-05 42739.npz,2,6,1,0,9
202,external_dataset/images/2021-03-06_17-54-05 42894.jpg,2021-03-06_17-54-05 42894.npz,1,8,4,0,13
203,external_dataset/images/2021-03-06_17-54-05 42895.jpg,2021-03-06_17-54-05 42895.npz,1,14,2,0,17
204,external_dataset/images/2021-03-06_17-54-05 43317.jpg,2021-03-06_17-54-05 43317.npz,3,7,2,0,12
205,external_dataset/images/2021-03-06_17-54-05 43435.jpg,2021-03-06_17-54-05 43435.npz,3,6,1,0,10
206,external_dataset/images/2021-03-06_17-54-05 43648.jpg,2021-03-06_17-54-05 43648.npz,1,16,2,0,19
207,external_dataset/images/2021-03-06_17-54-05 44005.jpg,2021-03-06_17-54-05 44005.npz,6,13,3,0,22
208,external_dataset/images/2021-03-06_17-54-05 44083.jpg,2021-03-06_17-54-05 44083.npz,3,5,2,0,10
209,external_dataset/images/2021-03-06_17-54-05 44370.jpg,2021-03-06_17-54-05 44370.npz,5,9,1,0,15
210,external_dataset/images/2021-03-06_17-54-05 44403.jpg,2021-03-06_17-54-05 44403.npz,7,14,0,2,23
211,external_dataset/images/2021-03-06_17-54-05 44404.jpg,2021-03-06_17-54-05 44404.npz,7,9,0,3,19
212,external_dataset/images/2021-03-06_17-54-05 44405.jpg,2021-03-06_17-54-05 44405.npz,5,7,0,2,14
213,external_dataset/images/2021-03-06_17-54-05 44406.jpg,2021-03-06_17-54-05 44406.npz,7,12,0,0,19
214,external_dataset/images/2021-03-06_17-54-05 44868.jpg,2021-03-06_17-54-05 44868.npz,5,12,0,0,17
215,external_dataset/images/2021-03-06_17-54-05 45078.jpg,2021-03-06_17-54-05 45078.npz,2,12,1,0,15
216,external_dataset/images/2021-03-06_17-54-05 45917.jpg,2021-03-06_17-54-05 45917.npz,5,9,0,1,15
217,external_dataset/images/2021-03-06_17-54-05 45918.jpg,2021-03-06_17-54-05 45918.npz,4,10,0,1,15
218,external_dataset/images/2021-03-06_17-54-05 45919.jpg,2021-03-06_17-54-05 45919.npz,4,12,0,1,17
219,external_dataset/images/2021-03-06_17-54-05 46044.jpg,2021-03-06_17-54-05 46044.npz,5,9,1,0,15
220,external_dataset/images/2021-03-06_17-54-05 46045.jpg,2021-03-06_17-54-05 46045.npz,5,7,1,0,13
221,external_dataset/images/2021-03-06_17-54-05 46063.jpg,2021-03-06_17-54-05 46063.npz,5,9,1,0,15
222,external_dataset/images/2021-03-06_17-54-05 46175.jpg,2021-03-06_17-54-05 46175.npz,3,4,1,0,8
223,external_dataset/images/2021-03-06_17-54-05 46209.jpg,2021-03-06_17-54-05 46209.npz,4,11,0,2,17
224,external_dataset/images/2021-03-06_17-54-05 46210.jpg,2021-03-06_17-54-05 46210.npz,4,7,0,1,12
225,external_dataset/images/2021-03-06_17-54-05 46313.jpg,2021-03-06_17-54-05 46313.npz,4,5,0,0,9
226,external_dataset/images/2021-03-06_17-54-05 46314.jpg,2021-03-06_17-54-05 46314.npz,5,12,0,2,19
227,external_dataset/images/2021-03-06_17-54-05 46778.jpg,2021-03-06_17-54-05 46778.npz,2,5,1,0,8
228,external_dataset/images/2021-03-06_17-54-05 47356.jpg,2021-03-06_17-54-05 47356.npz,7,10,0,2,19
229,external_dataset/images/2021-03-06_17-54-05 47357.jpg,2021-03-06_17-54-05 47357.npz,6,12,0,2,20
230,external_dataset/images/2021-03-06_17-54-05 47642.jpg,2021-03-06_17-54-05 47642.npz,1,14,0,2,17
231,external_dataset/images/2021-03-06_17-54-05 47643.jpg,2021-03-06_17-54-05 47643.npz,1,13,0,2,16
232,external_dataset/images/2021-03-06_17-54-05 47886.jpg,2021-03-06_17-54-05 47886.npz,7,8,1,0,16
233,external_dataset/images/2021-03-06_17-54-05 47887.jpg,2021-03-06_17-54-05 47887.npz,2,14,3,2,21
234,external_dataset/images/2021-03-06_17-54-05 47920.jpg,2021-03-06_17-54-05 47920.npz,4,9,2,0,15
235,external_dataset/images/2021-03-06_17-54-05 48999.jpg,2021-03-06_17-54-05 48999.npz,1,9,2,0,12
236,external_dataset/images/2021-03-06_17-54-05 49009.jpg,2021-03-06_17-54-05 49009.npz,3,12,2,0,17
237,external_dataset/images/2021-03-06_17-54-05 49095.jpg,2021-03-06_17-54-05 49095.npz,4,6,1,0,11
238,external_dataset/images/2021-03-06_17-54-05 49103.jpg,2021-03-06_17-54-05 49103.npz,9,10,0,1,20
239,external_dataset/images/2021-03-06_17-54-05 49432.jpg,2021-03-06_17-54-05 49432.npz,4,9,0,2,15
240,external_dataset/images/2021-03-06_17-54-05 49639.jpg,2021-03-06_17-54-05 49639.npz,3,6,1,0,10
241,external_dataset/images/2021-03-06_17-54-05 49640.jpg,2021-03-06_17-54-05 49640.npz,6,7,1,0,14
242,external_dataset/images/2021-03-06_17-54-05 49874.jpg,2021-03-06_17-54-05 49874.npz,5,5,0,2,12
243,external_dataset/images/2021-03-06_17-54-05 49875.jpg,2021-03-06_17-54-05 49875.npz,4,13,0,2,19
244,external_dataset/images/2021-03-06_17-54-05 49876.jpg,2021-03-06_17-54-05 49876.npz,3,10,0,2,15
245,external_dataset/images/2021-03-06_17-54-05 49889.jpg,2021-03-06_17-54-05 49889.npz,3,15,0,1,19
246,external_dataset/images/2021-03-06_17-54-05 51099.jpg,2021-03-06_17-54-05 51099.npz,4,7,0,3,14
247,external_dataset/images/2021-03-06_17-54-05 51100.jpg,2021-03-06_17-54-05 51100.npz,3,6,0,3,12
248,external_dataset/images/2021-03-06_17-54-05 51171.jpg,2021-03-06_17-54-05 51171.npz,3,11,1,0,15
249,external_dataset/images/2021-03-06_17-54-05 51498.jpg,2021-03-06_17-54-05 51498.npz,3,9,2,0,14
250,external_dataset/images/2021-03-06_17-54-05 51499.jpg,2021-03-06_17-54-05 51499.npz,3,13,4,0,20
251,external_dataset/images/2021-03-06_17-54-05 51510.jpg,2021-03-06_17-54-05 51510.npz,4,10,1,0,15
252,external_dataset/images/2021-03-06_17-54-05 54449.jpg,2021-03-06_17-54-05 54449.npz,1,12,1,0,14
253,external_dataset/images/2021-03-06_17-54-05 54450.jpg,2021-03-06_17-54-05 54450.npz,6,10,1,0,17
254,external_dataset/images/2021-04-17 3768.jpg,2021-04-17 3768.npz,4,9,0,2,15
255,external_dataset/images/2021-04-17 3780.jpg,2021-04-17 3780.npz,1,9,3,1,14
256,external_dataset/images/2021-04-17 3781.jpg,2021-04-17 3781.npz,1,5,0,1,7
257,external_dataset/images/2021-04-17 3782.jpg,2021-04-17 3782.npz,5,4,0,1,10
258,external_dataset/images/2021-04-17 3784.jpg,2021-04-17 3784.npz,11,14,0,2,27
259,external_dataset/images/2021-04-17 3785.jpg,2021-04-17 3785.npz,1,4,0,4,9
260,external_dataset/images/2021-04-17 3796.jpg,2021-04-17 3796.npz,8,7,0,0,15
261,external_dataset/images/2021-04-17 3819.jpg,2021-04-17 3819.npz,2,10,0,0,12
262,external_dataset/images/2021-04-17 3834.jpg,2021-04-17 3834.npz,2,2,0,1,5
263,external_dataset/images/2021-04-17 3835.jpg,2021-04-17 3835.npz,4,5,0,1,10
264,external_dataset/images/2021-04-17 3836.jpg,2021-04-17 3836.npz,3,6,0,1,10
265,external_dataset/images/2021-04-17 3837.jpg,2021-04-17 3837.npz,5,8,0,0,13
266,external_dataset/images/2021-04-17 3846.jpg,2021-04-17 3846.npz,1,2,1,0,4
267,external_dataset/images/2021-04-17 3929.jpg,2021-04-17 3929.npz,13,4,0,1,18
268,external_dataset/images/2021-04-17 3930.jpg,2021-04-17 3930.npz,10,8,0,1,19
269,external_dataset/images/2021-04-17 3938.jpg,2021-04-17 3938.npz,13,3,0,0,16
270,external_dataset/images/2021-04-17 3983.jpg,2021-04-17 3983.npz,0,6,0,2,8
271,external_dataset/images/2021-04-17 3990.jpg,2021-04-17 3990.npz,4,12,0,0,16
272,external_dataset/images/2021-04-17 3994.jpg,2021-04-17 3994.npz,1,13,0,0,14
273,external_dataset/images/2021-04-17 4020.jpg,2021-04-17 4020.npz,3,6,0,0,9
274,external_dataset/images/2021-04-17 4026.jpg,2021-04-17 4026.npz,2,8,0,0,10
275,external_dataset/images/2021-04-17 4028.jpg,2021-04-17 4028.npz,1,10,0,0,11
276,external_dataset/images/2021-04-17 4088.jpg,2021-04-17 4088.npz,5,7,0,0,12
277,external_dataset/images/2021-04-17 4147.jpg,2021-04-17 4147.npz,3,11,0,0,14
278,external_dataset/images/2021-04-17 4157.jpg,2021-04-17 4157.npz,3,9,0,0,12
279,external_dataset/images/2021-04-17 4158.jpg,2021-04-17 4158.npz,6,2,0,0,8
280,external_dataset/images/2021-04-17 4159.jpg,2021-04-17 4159.npz,4,11,1,0,16
281,external_dataset/images/2021-04-17 4160.jpg,2021-04-17 4160.npz,6,5,2,0,13
282,external_dataset/images/2021-04-17 4161.jpg,2021-04-17 4161.npz,5,9,0,0,14
283,external_dataset/images/2021-04-17 4162.jpg,2021-04-17 4162.npz,6,15,0,0,21
284,external_dataset/images/2021-04-17 4270.jpg,2021-04-17 4270.npz,1,6,0,2,9
285,external_dataset/images/2021-04-17 4271.jpg,2021-04-17 4271.npz,5,10,0,1,16
286,external_dataset/images/2021-04-17 4339.jpg,2021-04-17 4339.npz,0,10,1,0,11
287,external_dataset/images/2021-04-17 4340.jpg,2021-04-17 4340.npz,0,14,0,0,14
288,external_dataset/images/2021-04-17 4376.jpg,2021-04-17 4376.npz,6,8,1,0,15
289,external_dataset/images/2021-04-17 4377.jpg,2021-04-17 4377.npz,5,9,3,0,17
290,external_dataset/images/2021-04-17 4378.jpg,2021-04-17 4378.npz,4,6,0,0,10
291,external_dataset/images/2021-04-17 4383.jpg,2021-04-17 4383.npz,5,8,0,2,15
292,external_dataset/images/2021-04-17 4384.jpg,2021-04-17 4384.npz,7,5,0,2,14
293,external_dataset/images/2021-04-17 4385.jpg,2021-04-17 4385.npz,5,6,0,0,11
294,external_dataset/images/2021-04-17 4386.jpg,2021-04-17 4386.npz,3,13,0,0,16
295,external_dataset/images/2021-04-17 4614.jpg,2021-04-17 4614.npz,10,9,0,0,19
296,external_dataset/images/2021-04-17 4615.jpg,2021-04-17 4615.npz,7,4,0,0,11
297,external_dataset/images/2021-04-17 4733.jpg,2021-04-17 4733.npz,7,14,3,0,24
298,external_dataset/images/2021-04-17 4739.jpg,2021-04-17 4739.npz,0,10,0,2,12
299,external_dataset/images/2021-04-17 4761.jpg,2021-04-17 4761.npz,3,11,0,1,15
300,external_dataset/images/2021-04-17 4871.jpg,2021-04-17 4871.npz,7,6,0,2,15
301,external_dataset/images/2021-04-17 4912.jpg,2021-04-17 4912.npz,2,16,0,2,20
302,external_dataset/images/2021-04-17 4913.jpg,2021-04-17 4913.npz,4,12,0,1,17
303,external_dataset/images/2021-04-17 4914.jpg,2021-04-17 4914.npz,4,15,0,1,20
304,external_dataset/images/2021-04-17 5137.jpg,2021-04-17 5137.npz,4,8,0,2,14
305,external_dataset/images/2021-04-17 5138.jpg,2021-04-17 5138.npz,5,1,1,2,9
306,external_dataset/images/2021-04-17 5139.jpg,2021-04-17 5139.npz,6,1,1,2,10
307,external_dataset/images/2021-04-17 5144.jpg,2021-04-17 5144.npz,1,8,1,0,10
308,external_dataset/images/2021-04-17 5185.jpg,2021-04-17 5185.npz,5,8,0,2,15
309,external_dataset/images/2021-04-17 5186.jpg,2021-04-17 5186.npz,4,8,0,2,14
310,external_dataset/images/2021-04-17 5219.jpg,2021-04-17 5219.npz,1,3,0,2,6
311,external_dataset/images/2021-04-17 5289.jpg,2021-04-17 5289.npz,1,8,0,2,11
312,external_dataset/images/2021-04-17 5415.jpg,2021-04-17 5415.npz,0,8,0,2,10
313,external_dataset/images/2021-04-17 5416.jpg,2021-04-17 5416.npz,2,9,3,0,14
314,external_dataset/images/2021-04-17 5452.jpg,2021-04-17 5452.npz,0,9,2,0,11
315,external_dataset/images/2021-04-17 5583.jpg,2021-04-17 5583.npz,9,10,0,1,20
316,external_dataset/images/2021-04-17 5584.jpg,2021-04-17 5584.npz,9,8,0,1,18
317,external_dataset/images/2021-04-17 5706.jpg,2021-04-17 5706.npz,2,8,0,1,11
318,external_dataset/images/2021-04-17 5710.jpg,2021-04-17 5710.npz,3,13,0,2,18
319,external_dataset/images/2021-04-17 5711.jpg,2021-04-17 5711.npz,3,11,0,2,16
320,external_dataset/images/2021-04-17 5732.jpg,2021-04-17 5732.npz,2,14,0,1,17
321,external_dataset/images/2021-04-17 5844.jpg,2021-04-17 5844.npz,4,7,1,0,12
322,external_dataset/images/2021-04-17 5911.jpg,2021-04-17 5911.npz,4,14,2,0,20
323,external_dataset/images/2021-04-17 5912.jpg,2021-04-17 5912.npz,3,7,1,0,11
324,external_dataset/images/2021-04-17 5934.jpg,2021-04-17 5934.npz,2,15,0,2,19
325,external_dataset/images/2021-04-17 5935.jpg,2021-04-17 5935.npz,4,9,0,2,15
326,external_dataset/images/2021-04-17 5973.jpg,2021-04-17 5973.npz,4,11,0,2,17
327,external_dataset/images/2021-04-17 6114.jpg,2021-04-17 6114.npz,2,11,0,2,15
328,external_dataset/images/2021-04-17 6115.jpg,2021-04-17 6115.npz,1,13,0,2,16
329,external_dataset/images/2021-04-17 6146.jpg,2021-04-17 6146.npz,3,17,0,2,22
330,external_dataset/images/2021-04-17 6270.jpg,2021-04-17 6270.npz,0,10,0,2,12
331,external_dataset/images/2021-04-17 6278.jpg,2021-04-17 6278.npz,7,10,0,2,19
332,external_dataset/images/2021-04-17 6279.jpg,2021-04-17 6279.npz,5,11,0,2,18
333,external_dataset/images/2021-04-17 6283.jpg,2021-04-17 6283.npz,8,9,0,2,19
334,external_dataset/images/2021-04-17 6337.jpg,2021-04-17 6337.npz,1,9,0,2,12
335,external_dataset/images/2021-04-17 6419.jpg,2021-04-17 6419.npz,2,8,0,3,13
336,external_dataset/images/2021-04-17 6420.jpg,2021-04-17 6420.npz,2,13,0,3,18
337,external_dataset/images/2021-04-17 6496.jpg,2021-04-17 6496.npz,5,12,2,2,21
338,external_dataset/images/2021-04-17 6645.jpg,2021-04-17 6645.npz,3,19,0,2,24
339,external_dataset/images/2021-04-17 6663.jpg,2021-04-17 6663.npz,3,14,0,2,19
340,external_dataset/images/2021-04-17 6778.jpg,2021-04-17 6778.npz,7,16,0,2,25
341,external_dataset/images/2021-04-17 6779.jpg,2021-04-17 6779.npz,6,11,0,1,18
342,external_dataset/images/2021-04-17 6841.jpg,2021-04-17 6841.npz,2,4,1,0,7
343,external_dataset/images/2021-04-17 6904.jpg,2021-04-17 6904.npz,2,16,1,0,19
344,external_dataset/images/2021-04-17 6920.jpg,2021-04-17 6920.npz,2,13,1,0,16
345,external_dataset/images/2021-04-17 6956.jpg,2021-04-17 6956.npz,4,12,1,0,17
346,external_dataset/images/2021-04-17 7008.jpg,2021-04-17 7008.npz,3,13,0,2,18
347,external_dataset/images/2021-04-17 7094.jpg,2021-04-17 7094.npz,8,10,2,0,20
348,external_dataset/images/2021-04-17 7178.jpg,2021-04-17 7178.npz,2,14,0,0,16
349,external_dataset/images/2021-04-17 7186.jpg,2021-04-17 7186.npz,4,19,1,0,24
350,external_dataset/images/2021-04-17 7187.jpg,2021-04-17 7187.npz,4,14,1,0,19
351,external_dataset/images/2021-04-17 7200.jpg,2021-04-17 7200.npz,3,10,1,0,14
352,external_dataset/images/2021-04-17 7289.jpg,2021-04-17 7289.npz,6,15,1,0,22
353,external_dataset/images/2021-04-17 7306.jpg,2021-04-17 7306.npz,1,15,1,0,17
354,external_dataset/images/2021-04-17 7324.jpg,2021-04-17 7324.npz,2,13,1,0,16
355,external_dataset/images/2021-04-17 7395.jpg,2021-04-17 7395.npz,0,16,0,0,16
356,external_dataset/images/2021-04-17 7412.jpg,2021-04-17 7412.npz,5,9,2,0,16
357,external_dataset/images/2021-04-17 7421.jpg,2021-04-17 7421.npz,5,19,0,0,24
358,external_dataset/images/2021-04-17 7427.jpg,2021-04-17 7427.npz,4,15,0,0,19
359,external_dataset/images/2021-04-17 7428.jpg,2021-04-17 7428.npz,5,14,0,0,19
360,external_dataset/images/2021-04-17 7429.jpg,2021-04-17 7429.npz,6,7,0,0,13
361,external_dataset/images/2021-04-17 7430.jpg,2021-04-17 7430.npz,6,14,0,0,20
362,external_dataset/images/2021-04-18_09-34-57 001.jpg,2021-04-18_09-34-57 001.npz,0,10,0,0,10
363,external_dataset/images/2021-04-18_09-34-57 002.jpg,2021-04-18_09-34-57 002.npz,0,12,0,0,12
364,external_dataset/images/2021-04-18_09-34-57 003.jpg,2021-04-18_09-34-57 003.npz,0,10,1,0,11
365,external_dataset/images/2021-04-18_09-34-57 004.jpg,2021-04-18_09-34-57 004.npz,2,7,1,0,10
366,external_dataset/images/2021-04-18_09-34-57 005.jpg,2021-04-18_09-34-57 005.npz,4,4,0,0,8
367,external_dataset/images/2021-04-18_09-34-57 006.jpg,2021-04-18_09-34-57 006.npz,4,4,0,0,8
368,external_dataset/images/2021-04-18_09-34-57 007.jpg,2021-04-18_09-34-57 007.npz,3,8,0,0,11
369,external_dataset/images/2021-04-18_09-34-57 010.jpg,2021-04-18_09-34-57 010.npz,6,15,0,0,21
370,external_dataset/images/2021-04-18_09-34-57 011.jpg,2021-04-18_09-34-57 011.npz,7,5,0,0,12
371,external_dataset/images/2021-04-18_09-34-57 012.jpg,2021-04-18_09-34-57 012.npz,9,13,0,0,22
372,external_dataset/images/2021-04-18_09-34-57 013.jpg,2021-04-18_09-34-57 013.npz,5,7,0,0,12
373,external_dataset/images/2021-04-18_09-34-57 014.jpg,2021-04-18_09-34-57 014.npz,3,7,0,0,10
374,external_dataset/images/2021-04-18_09-34-57 015.jpg,2021-04-18_09-34-57 015.npz,2,4,0,0,6
375,external_dataset/images/2021-04-18_09-34-57 016.jpg,2021-04-18_09-34-57 016.npz,3,10,0,0,13
376,external_dataset/images/2021-04-18_09-34-57 017.jpg,2021-04-18_09-34-57 017.npz,2,7,0,0,9
377,external_dataset/images/2021-04-18_09-34-57 018.jpg,2021-04-18_09-34-57 018.npz,2,10,0,0,12
378,external_dataset/images/2021-04-18_09-34-57 019.jpg,2021-04-18_09-34-57 019.npz,2,12,0,0,14
379,external_dataset/images/2021-04-18_09-34-57 020.jpg,2021-04-18_09-34-57 020.npz,2,7,0,0,9
380,external_dataset/images/2021-04-18_09-34-57 021.jpg,2021-04-18_09-34-57 021.npz,3,8,0,0,11
381,external_dataset/images/2021-04-18_09-34-57 022.jpg,2021-04-18_09-34-57 022.npz,2,3,0,0,5
382,external_dataset/images/2021-04-18_09-34-57 023.jpg,2021-04-18_09-34-57 023.npz,4,3,0,0,7
383,external_dataset/images/2021-04-18_09-34-57 024.jpg,2021-04-18_09-34-57 024.npz,3,12,0,0,15
384,external_dataset/images/2021-04-18_09-34-57 025.jpg,2021-04-18_09-34-57 025.npz,5,12,0,0,17
385,external_dataset/images/2021-04-18_09-34-57 026.jpg,2021-04-18_09-34-57 026.npz,4,10,0,0,14
386,external_dataset/images/2021-04-18_09-34-57 027.jpg,2021-04-18_09-34-57 027.npz,6,11,0,0,17
387,external_dataset/images/2021-04-18_09-34-57 028.jpg,2021-04-18_09-34-57 028.npz,8,8,0,0,16
388,external_dataset/images/2021-04-18_09-34-57 029.jpg,2021-04-18_09-34-57 029.npz,12,12,0,0,24
389,external_dataset/images/2021-04-18_09-34-57 030.jpg,2021-04-18_09-34-57 030.npz,6,10,0,0,16
390,external_dataset/images/2021-04-18_09-34-57 031.jpg,2021-04-18_09-34-57 031.npz,6,8,0,0,14
391,external_dataset/images/2021-04-18_09-34-57 032.jpg,2021-04-18_09-34-57 032.npz,8,5,0,0,13
392,external_dataset/images/2021-04-18_09-34-57 033.jpg,2021-04-18_09-34-57 033.npz,5,15,0,1,21
393,external_dataset/images/2021-04-18_09-34-57 034.jpg,2021-04-18_09-34-57 034.npz,5,8,0,0,13
394,external_dataset/images/2021-04-18_09-34-57 035.jpg,2021-04-18_09-34-57 035.npz,3,7,0,0,10
395,external_dataset/images/2021-04-18_09-34-57 036.jpg,2021-04-18_09-34-57 036.npz,3,7,0,0,10
396,external_dataset/images/2021-04-18_09-34-57 037.jpg,2021-04-18_09-34-57 037.npz,4,5,0,0,9
397,external_dataset/images/2021-04-18_09-34-57 038.jpg,2021-04-18_09-34-57 038.npz,4,10,0,0,14
398,external_dataset/images/2021-04-18_09-34-57 039.jpg,2021-04-18_09-34-57 039.npz,2,9,0,0,11
399,external_dataset/images/2021-04-18_09-34-57 040.jpg,2021-04-18_09-34-57 040.npz,2,5,0,0,7
400,external_dataset/images/2021-04-18_09-34-57 041.jpg,2021-04-18_09-34-57 041.npz,3,8,0,0,11
401,external_dataset/images/2021-04-18_09-34-57 042.jpg,2021-04-18_09-34-57 042.npz,4,12,0,0,16
402,external_dataset/images/2021-04-18_09-34-57 043.jpg,2021-04-18_09-34-57 043.npz,6,10,0,0,16
403,external_dataset/images/2021-04-18_09-34-57 044.jpg,2021-04-18_09-34-57 044.npz,5,5,0,0,10
404,external_dataset/images/2021-04-18_09-34-57 045.jpg,2021-04-18_09-34-57 045.npz,4,4,0,0,8
405,external_dataset/images/2021-04-18_09-34-57 046.jpg,2021-04-18_09-34-57 046.npz,5,8,0,0,13
406,external_dataset/images/2021-04-18_09-34-57 047.jpg,2021-04-18_09-34-57 047.npz,5,10,0,0,15
407,external_dataset/images/2021-04-18_09-34-57 048.jpg,2021-04-18_09-34-57 048.npz,4,9,0,0,13
408,external_dataset/images/2021-04-18_09-34-57 049.jpg,2021-04-18_09-34-57 049.npz,2,18,0,0,20
409,external_dataset/images/2021-04-18_09-34-57 050.jpg,2021-04-18_09-34-57 050.npz,2,6,0,0,8
410,external_dataset/images/2021-04-18_09-34-57 051.jpg,2021-04-18_09-34-57 051.npz,2,6,0,0,8
411,external_dataset/images/2021-04-18_09-34-57 052.jpg,2021-04-18_09-34-57 052.npz,2,6,0,0,8
412,external_dataset/images/2021-04-18_09-34-57 053.jpg,2021-04-18_09-34-57 053.npz,0,4,0,0,4
413,external_dataset/images/2021-04-18_09-34-57 054.jpg,2021-04-18_09-34-57 054.npz,0,5,0,0,5
414,external_dataset/images/2021-04-18_09-34-57 055.jpg,2021-04-18_09-34-57 055.npz,0,12,0,0,12
415,external_dataset/images/2h24m19s 01520.jpg,2h24m19s 01520.npz,0,24,2,0,26
416,external_dataset/images/2h24m19s 01561.jpg,2h24m19s 01561.npz,1,35,1,0,37
417,external_dataset/images/2h24m19s 01704.jpg,2h24m19s 01704.npz,1,23,1,0,25
418,external_dataset/images/2h24m19s 02038.jpg,2h24m19s 02038.npz,4,18,4,0,26
419,external_dataset/images/2h24m19s 02040.jpg,2h24m19s 02040.npz,5,34,3,0,42
420,external_dataset/images/2h24m19s 04432.jpg,2h24m19s 04432.npz,4,35,1,0,40
421,external_dataset/images/2h24m19s 06567.jpg,2h24m19s 06567.npz,2,13,1,0,16
422,external_dataset/images/2h24m19s 06571.jpg,2h24m19s 06571.npz,6,20,1,0,27
423,external_dataset/images/2h24m19s 06620.jpg,2h24m19s 06620.npz,3,40,1,0,44
424,external_dataset/images/2h24m19s 06621.jpg,2h24m19s 06621.npz,5,44,1,0,50
425,external_dataset/images/2h24m19s 06624.jpg,2h24m19s 06624.npz,6,17,1,0,24
426,external_dataset/images/2h24m19s 06626.jpg,2h24m19s 06626.npz,2,14,1,0,17
427,external_dataset/images/2h24m19s 06744.jpg,2h24m19s 06744.npz,5,21,1,0,27
428,external_dataset/images/2h24m19s 06746.jpg,2h24m19s 06746.npz,3,26,1,0,30
429,external_dataset/images/2h24m19s 07604.jpg,2h24m19s 07604.npz,55,12,0,9,76
430,external_dataset/images/2h24m19s 11028.jpg,2h24m19s 11028.npz,24,26,1,1,52
431,external_dataset/images/2h24m19s 11710.jpg,2h24m19s 11710.npz,14,39,2,2,57
432,external_dataset/images/2h24m19s 11712.jpg,2h24m19s 11712.npz,7,20,0,1,28
433,external_dataset/images/2h24m19s 15615.jpg,2h24m19s 15615.npz,2,18,3,0,23
434,external_dataset/images/2h24m19s 17143.jpg,2h24m19s 17143.npz,5,23,2,0,30
435,external_dataset/images/2h24m19s 18200.jpg,2h24m19s 18200.npz,2,20,1,0,23
436,external_dataset/images/2h24m19s 18202.jpg,2h24m19s 18202.npz,5,22,2,0,29
437,external_dataset/images/2h24m19s 19338.jpg,2h24m19s 19338.npz,1,28,1,0,30
438,external_dataset/images/2h24m19s 19593.jpg,2h24m19s 19593.npz,3,24,2,0,29
439,external_dataset/images/2h24m19s 21145.jpg,2h24m19s 21145.npz,3,16,2,0,21
440,external_dataset/images/2h24m19s 21268.jpg,2h24m19s 21268.npz,2,29,2,0,33
441,external_dataset/images/2h24m19s 21271.jpg,2h24m19s 21271.npz,2,17,2,0,21
442,external_dataset/images/2h24m19s 22087.jpg,2h24m19s 22087.npz,3,14,1,0,18
443,external_dataset/images/2h24m19s 22090.jpg,2h24m19s 22090.npz,4,23,1,0,28
444,external_dataset/images/2h24m19s 22343.jpg,2h24m19s 22343.npz,3,17,1,0,21
445,external_dataset/images/2h24m19s 22816.jpg,2h24m19s 22816.npz,2,19,2,0,23
446,external_dataset/images/2h24m19s 22818.jpg,2h24m19s 22818.npz,1,25,1,0,27
447,external_dataset/images/2h24m19s 23287.jpg,2h24m19s 23287.npz,0,26,2,0,28
448,external_dataset/images/2h24m19s 23796.jpg,2h24m19s 23796.npz,1,24,1,0,26
449,external_dataset/images/2h24m19s 24826.jpg,2h24m19s 24826.npz,25,28,2,0,55
450,external_dataset/images/2h24m19s 24828.jpg,2h24m19s 24828.npz,24,18,1,0,43
451,external_dataset/images/2h24m19s 24831.jpg,2h24m19s 24831.npz,21,19,2,0,42
452,external_dataset/images/2h24m19s 24979.jpg,2h24m19s 24979.npz,3,41,2,0,46
453,external_dataset/images/43m1s 1920.jpg,43m1s 1920.npz,6,34,0,2,42
454,external_dataset/images/43m1s 2486.jpg,43m1s 2486.npz,3,20,1,0,24
455,external_dataset/images/43m1s 3106.jpg,43m1s 3106.npz,3,21,1,0,25
456,external_dataset/images/43m1s 3433.jpg,43m1s 3433.npz,3,24,1,0,28
457,external_dataset/images/43m1s 3554.jpg,43m1s 3554.npz,4,27,1,0,32
458,external_dataset/images/43m1s 5478.jpg,43m1s 5478.npz,7,32,1,1,41
459,external_dataset/images/43m1s 5481.jpg,43m1s 5481.npz,11,38,2,1,52
460,external_dataset/images/4m2s 023.jpg,4m2s 023.npz,4,24,0,1,29
461,external_dataset/images/4m2s 071.jpg,4m2s 071.npz,16,24,0,1,41
462,external_dataset/images/4m2s 216.jpg,4m2s 216.npz,9,13,0,3,25
463,external_dataset/images/4m2s 246.jpg,4m2s 246.npz,11,24,0,1,36
464,external_dataset/images/4m2s 278.jpg,4m2s 278.npz,13,24,0,2,39
465,external_dataset/images/4m2s 281.jpg,4m2s 281.npz,19,23,0,2,44
466,external_dataset/images/4m2s 340.jpg,4m2s 340.npz,20,23,0,3,46
467,external_dataset/images/4m2s 348.jpg,4m2s 348.npz,11,27,0,1,39
468,external_dataset/images/4m2s 355.jpg,4m2s 355.npz,9,24,0,3,36
469,external_dataset/images/4m2s 358.jpg,4m2s 358.npz,6,30,0,2,38
470,external_dataset/images/4m2s 361.jpg,4m2s 361.npz,22,26,0,3,51
471,external_dataset/images/4m2s 373.jpg,4m2s 373.npz,12,28,0,1,41
472,external_dataset/images/4m2s 387.jpg,4m2s 387.npz,11,36,0,4,51
473,external_dataset/images/4m2s 390.jpg,4m2s 390.npz,12,19,0,2,33
474,external_dataset/images/4m2s 440.jpg,4m2s 440.npz,11,29,0,2,42
475,external_dataset/images/4m2s 449.jpg,4m2s 449.npz,12,20,0,1,33
476,external_dataset/images/4m2s 454.jpg,4m2s 454.npz,18,24,0,3,45
477,external_dataset/images/4m2s 470.jpg,4m2s 470.npz,10,27,0,2,39
478,external_dataset/images/4m2s 519.jpg,4m2s 519.npz,15,21,0,1,37
479,external_dataset/images/4m2s 524.jpg,4m2s 524.npz,20,30,0,1,51
480,external_dataset/images/4m2s 559.jpg,4m2s 559.npz,15,24,0,1,40
481,external_dataset/images/4m2s 592.jpg,4m2s 592.npz,17,24,0,2,43
482,external_dataset/images/4m2s 596.jpg,4m2s 596.npz,16,25,0,2,43
483,external_dataset/images/4m2s 660.jpg,4m2s 660.npz,15,18,0,2,35
