split,recording_group,image_id,file_name,alpha,electron_positron,proton,v_track,total_instances
development,2021-03-06_17-54-05,1,../../external_dataset/images/2021-03-06_17-54-05 00224.jpg,9,4,0,0,13
development,2021-03-06_17-54-05,2,../../external_dataset/images/2021-03-06_17-54-05 00225.jpg,7,6,0,2,15
development,2021-03-06_17-54-05,3,../../external_dataset/images/2021-03-06_17-54-05 00226.jpg,6,9,0,2,17
development,2021-03-06_17-54-05,4,../../external_dataset/images/2021-03-06_17-54-05 00263.jpg,2,9,0,3,14
development,2021-03-06_17-54-05,5,../../external_dataset/images/2021-03-06_17-54-05 00441.jpg,1,10,2,0,13
development,2021-03-06_17-54-05,6,../../external_dataset/images/2021-03-06_17-54-05 00580.jpg,4,10,0,2,16
development,2021-03-06_17-54-05,7,../../external_dataset/images/2021-03-06_17-54-05 00581.jpg,2,5,0,2,9
development,2021-03-06_17-54-05,8,../../external_dataset/images/2021-03-06_17-54-05 00848.jpg,3,14,2,0,19
development,2021-03-06_17-54-05,9,../../external_dataset/images/2021-03-06_17-54-05 00899.jpg,2,10,2,0,14
development,2021-03-06_17-54-05,10,../../external_dataset/images/2021-03-06_17-54-05 00912.jpg,1,6,2,0,9
development,2021-03-06_17-54-05,11,../../external_dataset/images/2021-03-06_17-54-05 00928.jpg,1,5,2,0,8
development,2021-03-06_17-54-05,12,../../external_dataset/images/2021-03-06_17-54-05 01043.jpg,3,12,2,0,17
development,2021-03-06_17-54-05,13,../../external_dataset/images/2021-03-06_17-54-05 01044.jpg,4,3,1,0,8
development,2021-03-06_17-54-05,14,../../external_dataset/images/2021-03-06_17-54-05 01521.jpg,1,8,0,1,10
development,2021-03-06_17-54-05,15,../../external_dataset/images/2021-03-06_17-54-05 01883.jpg,3,14,0,2,19
development,2021-03-06_17-54-05,16,../../external_dataset/images/2021-03-06_17-54-05 02158.jpg,5,13,1,0,19
development,2021-03-06_17-54-05,17,../../external_dataset/images/2021-03-06_17-54-05 02249.jpg,0,10,2,2,14
development,2021-03-06_17-54-05,18,../../external_dataset/images/2021-03-06_17-54-05 02770.jpg,0,10,2,0,12
development,2021-03-06_17-54-05,19,../../external_dataset/images/2021-03-06_17-54-05 03006.jpg,2,13,1,0,16
development,2021-03-06_17-54-05,20,../../external_dataset/images/2021-03-06_17-54-05 03301.jpg,5,8,2,0,15
development,2021-03-06_17-54-05,21,../../external_dataset/images/2021-03-06_17-54-05 03302.jpg,3,10,3,0,16
development,2021-03-06_17-54-05,22,../../external_dataset/images/2021-03-06_17-54-05 03444.jpg,6,12,2,0,20
development,2021-03-06_17-54-05,23,../../external_dataset/images/2021-03-06_17-54-05 04169.jpg,1,14,0,2,17
development,2021-03-06_17-54-05,24,../../external_dataset/images/2021-03-06_17-54-05 04212.jpg,1,8,1,0,10
development,2021-03-06_17-54-05,25,../../external_dataset/images/2021-03-06_17-54-05 04221.jpg,3,6,1,0,10
development,2021-03-06_17-54-05,26,../../external_dataset/images/2021-03-06_17-54-05 04345.jpg,0,14,2,0,16
development,2021-03-06_17-54-05,27,../../external_dataset/images/2021-03-06_17-54-05 05774.jpg,1,16,0,2,19
development,2021-03-06_17-54-05,28,../../external_dataset/images/2021-03-06_17-54-05 05775.jpg,2,10,0,2,14
development,2021-03-06_17-54-05,29,../../external_dataset/images/2021-03-06_17-54-05 05780.jpg,3,15,0,2,20
development,2021-03-06_17-54-05,30,../../external_dataset/images/2021-03-06_17-54-05 05820.jpg,2,10,0,2,14
development,2021-03-06_17-54-05,31,../../external_dataset/images/2021-03-06_17-54-05 06211.jpg,2,4,1,0,7
development,2021-03-06_17-54-05,32,../../external_dataset/images/2021-03-06_17-54-05 06329.jpg,1,10,1,0,12
development,2021-03-06_17-54-05,33,../../external_dataset/images/2021-03-06_17-54-05 06598.jpg,1,10,3,1,15
development,2021-03-06_17-54-05,34,../../external_dataset/images/2021-03-06_17-54-05 06883.jpg,2,7,1,0,10
development,2021-03-06_17-54-05,35,../../external_dataset/images/2021-03-06_17-54-05 07057.jpg,4,15,1,0,20
development,2021-03-06_17-54-05,36,../../external_dataset/images/2021-03-06_17-54-05 07353.jpg,1,17,2,0,20
development,2021-03-06_17-54-05,37,../../external_dataset/images/2021-03-06_17-54-05 07607.jpg,3,11,2,0,16
development,2021-03-06_17-54-05,38,../../external_dataset/images/2021-03-06_17-54-05 09249.jpg,3,6,2,0,11
development,2021-03-06_17-54-05,39,../../external_dataset/images/2021-03-06_17-54-05 09797.jpg,2,15,2,2,21
development,2021-03-06_17-54-05,40,../../external_dataset/images/2021-03-06_17-54-05 10246.jpg,0,15,1,0,16
development,2021-03-06_17-54-05,41,../../external_dataset/images/2021-03-06_17-54-05 10370.jpg,5,11,0,2,18
development,2021-03-06_17-54-05,42,../../external_dataset/images/2021-03-06_17-54-05 10371.jpg,4,17,0,1,22
development,2021-03-06_17-54-05,43,../../external_dataset/images/2021-03-06_17-54-05 10372.jpg,3,15,0,1,19
development,2021-03-06_17-54-05,44,../../external_dataset/images/2021-03-06_17-54-05 11009.jpg,2,5,1,0,8
development,2021-03-06_17-54-05,45,../../external_dataset/images/2021-03-06_17-54-05 11010.jpg,2,16,3,0,21
development,2021-03-06_17-54-05,46,../../external_dataset/images/2021-03-06_17-54-05 11488.jpg,3,12,1,0,16
development,2021-03-06_17-54-05,47,../../external_dataset/images/2021-03-06_17-54-05 11522.jpg,3,9,2,0,14
development,2021-03-06_17-54-05,48,../../external_dataset/images/2021-03-06_17-54-05 11613.jpg,1,11,0,2,14
development,2021-03-06_17-54-05,49,../../external_dataset/images/2021-03-06_17-54-05 11928.jpg,1,4,1,0,6
development,2021-03-06_17-54-05,50,../../external_dataset/images/2021-03-06_17-54-05 12897.jpg,4,15,1,0,20
development,2021-03-06_17-54-05,51,../../external_dataset/images/2021-03-06_17-54-05 13006.jpg,2,4,2,0,8
development,2021-03-06_17-54-05,52,../../external_dataset/images/2021-03-06_17-54-05 13346.jpg,2,8,0,2,12
development,2021-03-06_17-54-05,53,../../external_dataset/images/2021-03-06_17-54-05 13776.jpg,5,6,3,0,14
development,2021-03-06_17-54-05,54,../../external_dataset/images/2021-03-06_17-54-05 15327.jpg,13,8,2,0,23
development,2021-03-06_17-54-05,55,../../external_dataset/images/2021-03-06_17-54-05 15328.jpg,8,7,2,0,17
development,2021-03-06_17-54-05,56,../../external_dataset/images/2021-03-06_17-54-05 15417.jpg,0,7,3,0,10
development,2021-03-06_17-54-05,57,../../external_dataset/images/2021-03-06_17-54-05 15524.jpg,2,6,2,0,10
development,2021-03-06_17-54-05,58,../../external_dataset/images/2021-03-06_17-54-05 15597.jpg,2,9,3,0,14
development,2021-03-06_17-54-05,59,../../external_dataset/images/2021-03-06_17-54-05 16095.jpg,1,10,1,0,12
development,2021-03-06_17-54-05,60,../../external_dataset/images/2021-03-06_17-54-05 16423.jpg,1,4,1,0,6
development,2021-03-06_17-54-05,61,../../external_dataset/images/2021-03-06_17-54-05 16542.jpg,3,11,1,0,15
development,2021-03-06_17-54-05,62,../../external_dataset/images/2021-03-06_17-54-05 16926.jpg,4,3,2,0,9
development,2021-03-06_17-54-05,63,../../external_dataset/images/2021-03-06_17-54-05 17072.jpg,3,8,2,0,13
development,2021-03-06_17-54-05,64,../../external_dataset/images/2021-03-06_17-54-05 17084.jpg,4,10,1,0,15
development,2021-03-06_17-54-05,65,../../external_dataset/images/2021-03-06_17-54-05 17090.jpg,4,6,1,0,11
development,2021-03-06_17-54-05,66,../../external_dataset/images/2021-03-06_17-54-05 17373.jpg,1,8,1,0,10
development,2021-03-06_17-54-05,67,../../external_dataset/images/2021-03-06_17-54-05 17384.jpg,5,18,1,0,24
development,2021-03-06_17-54-05,68,../../external_dataset/images/2021-03-06_17-54-05 17385.jpg,5,18,1,0,24
development,2021-03-06_17-54-05,69,../../external_dataset/images/2021-03-06_17-54-05 17545.jpg,4,13,1,0,18
development,2021-03-06_17-54-05,70,../../external_dataset/images/2021-03-06_17-54-05 17727.jpg,1,6,2,0,9
development,2021-03-06_17-54-05,71,../../external_dataset/images/2021-03-06_17-54-05 17815.jpg,1,17,1,0,19
development,2021-03-06_17-54-05,72,../../external_dataset/images/2021-03-06_17-54-05 18255.jpg,2,13,1,0,16
development,2021-03-06_17-54-05,73,../../external_dataset/images/2021-03-06_17-54-05 18471.jpg,4,11,1,0,16
development,2021-03-06_17-54-05,74,../../external_dataset/images/2021-03-06_17-54-05 18809.jpg,5,15,1,0,21
development,2021-03-06_17-54-05,75,../../external_dataset/images/2021-03-06_17-54-05 19081.jpg,4,6,1,0,11
development,2021-03-06_17-54-05,76,../../external_dataset/images/2021-03-06_17-54-05 19440.jpg,2,6,1,0,9
development,2021-03-06_17-54-05,77,../../external_dataset/images/2021-03-06_17-54-05 19441.jpg,2,8,1,0,11
development,2021-03-06_17-54-05,78,../../external_dataset/images/2021-03-06_17-54-05 20029.jpg,4,10,1,0,15
development,2021-03-06_17-54-05,79,../../external_dataset/images/2021-03-06_17-54-05 20130.jpg,0,9,2,0,11
development,2021-03-06_17-54-05,80,../../external_dataset/images/2021-03-06_17-54-05 20645.jpg,1,6,1,0,8
development,2021-03-06_17-54-05,81,../../external_dataset/images/2021-03-06_17-54-05 20646.jpg,5,4,2,0,11
development,2021-03-06_17-54-05,82,../../external_dataset/images/2021-03-06_17-54-05 21692.jpg,1,10,1,0,12
development,2021-03-06_17-54-05,83,../../external_dataset/images/2021-03-06_17-54-05 22099.jpg,0,10,1,0,11
development,2021-03-06_17-54-05,84,../../external_dataset/images/2021-03-06_17-54-05 22614.jpg,5,8,1,0,14
development,2021-03-06_17-54-05,85,../../external_dataset/images/2021-03-06_17-54-05 22984.jpg,4,22,1,0,27
development,2021-03-06_17-54-05,86,../../external_dataset/images/2021-03-06_17-54-05 23982.jpg,5,7,0,1,13
development,2021-03-06_17-54-05,87,../../external_dataset/images/2021-03-06_17-54-05 23983.jpg,4,2,0,2,8
development,2021-03-06_17-54-05,88,../../external_dataset/images/2021-03-06_17-54-05 23984.jpg,2,10,0,1,13
development,2021-03-06_17-54-05,89,../../external_dataset/images/2021-03-06_17-54-05 24302.jpg,4,10,1,0,15
development,2021-03-06_17-54-05,90,../../external_dataset/images/2021-03-06_17-54-05 24303.jpg,1,9,2,0,12
development,2021-03-06_17-54-05,91,../../external_dataset/images/2021-03-06_17-54-05 25003.jpg,6,11,1,0,18
development,2021-03-06_17-54-05,92,../../external_dataset/images/2021-03-06_17-54-05 25243.jpg,2,7,1,0,10
development,2021-03-06_17-54-05,93,../../external_dataset/images/2021-03-06_17-54-05 25887.jpg,5,11,3,0,19
development,2021-03-06_17-54-05,94,../../external_dataset/images/2021-03-06_17-54-05 26116.jpg,2,9,2,0,13
development,2021-03-06_17-54-05,95,../../external_dataset/images/2021-03-06_17-54-05 26117.jpg,1,8,2,0,11
development,2021-03-06_17-54-05,96,../../external_dataset/images/2021-03-06_17-54-05 26238.jpg,2,7,3,0,12
development,2021-03-06_17-54-05,97,../../external_dataset/images/2021-03-06_17-54-05 26306.jpg,2,3,1,0,6
development,2021-03-06_17-54-05,98,../../external_dataset/images/2021-03-06_17-54-05 26316.jpg,3,5,0,2,10
development,2021-03-06_17-54-05,99,../../external_dataset/images/2021-03-06_17-54-05 26317.jpg,2,7,0,2,11
development,2021-03-06_17-54-05,100,../../external_dataset/images/2021-03-06_17-54-05 26318.jpg,2,10,0,2,14
development,2021-03-06_17-54-05,101,../../external_dataset/images/2021-03-06_17-54-05 26401.jpg,2,9,3,0,14
development,2021-03-06_17-54-05,102,../../external_dataset/images/2021-03-06_17-54-05 26431.jpg,8,5,2,0,15
development,2021-03-06_17-54-05,103,../../external_dataset/images/2021-03-06_17-54-05 26435.jpg,2,11,0,1,14
development,2021-03-06_17-54-05,104,../../external_dataset/images/2021-03-06_17-54-05 26539.jpg,2,7,1,0,10
development,2021-03-06_17-54-05,105,../../external_dataset/images/2021-03-06_17-54-05 26848.jpg,7,9,0,0,16
development,2021-03-06_17-54-05,106,../../external_dataset/images/2021-03-06_17-54-05 26969.jpg,8,8,0,1,17
development,2021-03-06_17-54-05,107,../../external_dataset/images/2021-03-06_17-54-05 26970.jpg,6,5,0,1,12
development,2021-03-06_17-54-05,108,../../external_dataset/images/2021-03-06_17-54-05 27191.jpg,4,4,1,0,9
development,2021-03-06_17-54-05,109,../../external_dataset/images/2021-03-06_17-54-05 27192.jpg,2,14,2,0,18
development,2021-03-06_17-54-05,110,../../external_dataset/images/2021-03-06_17-54-05 27423.jpg,1,5,0,2,8
development,2021-03-06_17-54-05,111,../../external_dataset/images/2021-03-06_17-54-05 27424.jpg,1,8,0,2,11
development,2021-03-06_17-54-05,112,../../external_dataset/images/2021-03-06_17-54-05 27458.jpg,3,6,2,0,11
development,2021-03-06_17-54-05,113,../../external_dataset/images/2021-03-06_17-54-05 27635.jpg,1,10,1,0,12
development,2021-03-06_17-54-05,114,../../external_dataset/images/2021-03-06_17-54-05 27636.jpg,1,2,1,0,4
development,2021-03-06_17-54-05,115,../../external_dataset/images/2021-03-06_17-54-05 27901.jpg,3,6,3,0,12
development,2021-03-06_17-54-05,116,../../external_dataset/images/2021-03-06_17-54-05 27992.jpg,8,10,0,0,18
development,2021-03-06_17-54-05,117,../../external_dataset/images/2021-03-06_17-54-05 27993.jpg,1,5,0,2,8
development,2021-03-06_17-54-05,118,../../external_dataset/images/2021-03-06_17-54-05 27994.jpg,1,10,0,2,13
development,2021-03-06_17-54-05,119,../../external_dataset/images/2021-03-06_17-54-05 28086.jpg,8,15,0,1,24
development,2021-03-06_17-54-05,120,../../external_dataset/images/2021-03-06_17-54-05 28087.jpg,8,12,0,1,21
development,2021-03-06_17-54-05,121,../../external_dataset/images/2021-03-06_17-54-05 28113.jpg,4,12,0,1,17
development,2021-03-06_17-54-05,122,../../external_dataset/images/2021-03-06_17-54-05 28114.jpg,2,6,0,1,9
development,2021-03-06_17-54-05,123,../../external_dataset/images/2021-03-06_17-54-05 28219.jpg,1,20,0,1,22
development,2021-03-06_17-54-05,124,../../external_dataset/images/2021-03-06_17-54-05 28220.jpg,3,0,0,1,4
development,2021-03-06_17-54-05,125,../../external_dataset/images/2021-03-06_17-54-05 28221.jpg,3,7,0,2,12
development,2021-03-06_17-54-05,126,../../external_dataset/images/2021-03-06_17-54-05 28225.jpg,4,8,0,1,13
development,2021-03-06_17-54-05,127,../../external_dataset/images/2021-03-06_17-54-05 28334.jpg,2,2,2,0,6
development,2021-03-06_17-54-05,128,../../external_dataset/images/2021-03-06_17-54-05 28719.jpg,1,8,0,2,11
development,2021-03-06_17-54-05,129,../../external_dataset/images/2021-03-06_17-54-05 28720.jpg,2,13,0,1,16
development,2021-03-06_17-54-05,130,../../external_dataset/images/2021-03-06_17-54-05 28721.jpg,2,12,0,1,15
development,2021-03-06_17-54-05,131,../../external_dataset/images/2021-03-06_17-54-05 28874.jpg,0,7,2,0,9
development,2021-03-06_17-54-05,132,../../external_dataset/images/2021-03-06_17-54-05 28941.jpg,5,11,2,0,18
development,2021-03-06_17-54-05,133,../../external_dataset/images/2021-03-06_17-54-05 28964.jpg,2,12,4,0,18
development,2021-03-06_17-54-05,134,../../external_dataset/images/2021-03-06_17-54-05 28976.jpg,6,13,1,0,20
development,2021-03-06_17-54-05,135,../../external_dataset/images/2021-03-06_17-54-05 29023.jpg,2,11,1,0,14
development,2021-03-06_17-54-05,136,../../external_dataset/images/2021-03-06_17-54-05 30450.jpg,1,3,1,0,5
development,2021-03-06_17-54-05,137,../../external_dataset/images/2021-03-06_17-54-05 30787.jpg,4,7,2,0,13
development,2021-03-06_17-54-05,138,../../external_dataset/images/2021-03-06_17-54-05 30801.jpg,1,9,3,0,13
development,2021-03-06_17-54-05,139,../../external_dataset/images/2021-03-06_17-54-05 30802.jpg,0,15,5,0,20
development,2021-03-06_17-54-05,140,../../external_dataset/images/2021-03-06_17-54-05 31210.jpg,4,11,1,0,16
development,2021-03-06_17-54-05,141,../../external_dataset/images/2021-03-06_17-54-05 31211.jpg,5,6,2,0,13
development,2021-03-06_17-54-05,142,../../external_dataset/images/2021-03-06_17-54-05 31439.jpg,3,9,3,0,15
development,2021-03-06_17-54-05,143,../../external_dataset/images/2021-03-06_17-54-05 31524.jpg,5,10,1,0,16
development,2021-03-06_17-54-05,144,../../external_dataset/images/2021-03-06_17-54-05 31947.jpg,2,11,0,2,15
development,2021-03-06_17-54-05,145,../../external_dataset/images/2021-03-06_17-54-05 31948.jpg,1,7,0,3,11
development,2021-03-06_17-54-05,146,../../external_dataset/images/2021-03-06_17-54-05 32252.jpg,2,9,1,0,12
development,2021-03-06_17-54-05,147,../../external_dataset/images/2021-03-06_17-54-05 32837.jpg,3,9,2,0,14
development,2021-03-06_17-54-05,148,../../external_dataset/images/2021-03-06_17-54-05 33034.jpg,2,12,0,1,15
development,2021-03-06_17-54-05,149,../../external_dataset/images/2021-03-06_17-54-05 33035.jpg,2,8,0,1,11
development,2021-03-06_17-54-05,150,../../external_dataset/images/2021-03-06_17-54-05 33565.jpg,1,11,0,2,14
development,2021-03-06_17-54-05,151,../../external_dataset/images/2021-03-06_17-54-05 33566.jpg,2,15,0,2,19
development,2021-03-06_17-54-05,152,../../external_dataset/images/2021-03-06_17-54-05 33567.jpg,2,7,0,2,11
development,2021-03-06_17-54-05,153,../../external_dataset/images/2021-03-06_17-54-05 33922.jpg,11,10,0,0,21
development,2021-03-06_17-54-05,154,../../external_dataset/images/2021-03-06_17-54-05 33923.jpg,11,15,0,0,26
development,2021-03-06_17-54-05,155,../../external_dataset/images/2021-03-06_17-54-05 33975.jpg,1,6,1,0,8
development,2021-03-06_17-54-05,156,../../external_dataset/images/2021-03-06_17-54-05 33976.jpg,1,8,1,0,10
development,2021-03-06_17-54-05,157,../../external_dataset/images/2021-03-06_17-54-05 34004.jpg,1,10,1,0,12
development,2021-03-06_17-54-05,158,../../external_dataset/images/2021-03-06_17-54-05 34067.jpg,3,10,1,0,14
development,2021-03-06_17-54-05,159,../../external_dataset/images/2021-03-06_17-54-05 34405.jpg,2,6,1,0,9
development,2021-03-06_17-54-05,160,../../external_dataset/images/2021-03-06_17-54-05 34502.jpg,2,12,1,0,15
development,2021-03-06_17-54-05,161,../../external_dataset/images/2021-03-06_17-54-05 34993.jpg,0,17,2,0,19
development,2021-03-06_17-54-05,162,../../external_dataset/images/2021-03-06_17-54-05 35046.jpg,6,8,1,0,15
development,2021-03-06_17-54-05,163,../../external_dataset/images/2021-03-06_17-54-05 35047.jpg,6,24,2,0,32
development,2021-03-06_17-54-05,164,../../external_dataset/images/2021-03-06_17-54-05 35493.jpg,1,12,1,0,14
development,2021-03-06_17-54-05,165,../../external_dataset/images/2021-03-06_17-54-05 36035.jpg,2,7,4,0,13
development,2021-03-06_17-54-05,166,../../external_dataset/images/2021-03-06_17-54-05 36301.jpg,1,10,1,0,12
development,2021-03-06_17-54-05,167,../../external_dataset/images/2021-03-06_17-54-05 36792.jpg,0,10,2,0,12
development,2021-03-06_17-54-05,168,../../external_dataset/images/2021-03-06_17-54-05 36823.jpg,3,18,4,0,25
development,2021-03-06_17-54-05,169,../../external_dataset/images/2021-03-06_17-54-05 36824.jpg,2,11,3,0,16
development,2021-03-06_17-54-05,170,../../external_dataset/images/2021-03-06_17-54-05 36828.jpg,3,8,0,2,13
development,2021-03-06_17-54-05,171,../../external_dataset/images/2021-03-06_17-54-05 37533.jpg,4,7,1,0,12
development,2021-03-06_17-54-05,172,../../external_dataset/images/2021-03-06_17-54-05 37815.jpg,3,10,0,2,15
development,2021-03-06_17-54-05,173,../../external_dataset/images/2021-03-06_17-54-05 38081.jpg,4,13,1,0,18
development,2021-03-06_17-54-05,174,../../external_dataset/images/2021-03-06_17-54-05 38174.jpg,7,10,0,0,17
development,2021-03-06_17-54-05,175,../../external_dataset/images/2021-03-06_17-54-05 38274.jpg,9,7,0,0,16
development,2021-03-06_17-54-05,176,../../external_dataset/images/2021-03-06_17-54-05 38290.jpg,9,13,0,0,22
development,2021-03-06_17-54-05,177,../../external_dataset/images/2021-03-06_17-54-05 38291.jpg,9,18,0,0,27
development,2021-03-06_17-54-05,178,../../external_dataset/images/2021-03-06_17-54-05 38292.jpg,14,19,0,0,33
development,2021-03-06_17-54-05,179,../../external_dataset/images/2021-03-06_17-54-05 38680.jpg,8,12,0,0,20
development,2021-03-06_17-54-05,180,../../external_dataset/images/2021-03-06_17-54-05 38773.jpg,2,15,1,0,18
development,2021-03-06_17-54-05,181,../../external_dataset/images/2021-03-06_17-54-05 38876.jpg,2,12,1,0,15
development,2021-03-06_17-54-05,182,../../external_dataset/images/2021-03-06_17-54-05 38995.jpg,4,11,2,0,17
development,2021-03-06_17-54-05,183,../../external_dataset/images/2021-03-06_17-54-05 39187.jpg,7,18,0,0,25
development,2021-03-06_17-54-05,184,../../external_dataset/images/2021-03-06_17-54-05 39368.jpg,6,7,3,0,16
development,2021-03-06_17-54-05,185,../../external_dataset/images/2021-03-06_17-54-05 39889.jpg,7,2,1,0,10
development,2021-03-06_17-54-05,186,../../external_dataset/images/2021-03-06_17-54-05 40094.jpg,3,9,2,2,16
development,2021-03-06_17-54-05,187,../../external_dataset/images/2021-03-06_17-54-05 40213.jpg,6,10,0,2,18
development,2021-03-06_17-54-05,188,../../external_dataset/images/2021-03-06_17-54-05 40214.jpg,6,11,0,2,19
development,2021-03-06_17-54-05,189,../../external_dataset/images/2021-03-06_17-54-05 40344.jpg,3,18,0,5,26
development,2021-03-06_17-54-05,190,../../external_dataset/images/2021-03-06_17-54-05 40433.jpg,2,13,1,0,16
development,2021-03-06_17-54-05,191,../../external_dataset/images/2021-03-06_17-54-05 40688.jpg,2,15,0,1,18
development,2021-03-06_17-54-05,192,../../external_dataset/images/2021-03-06_17-54-05 40689.jpg,1,12,0,2,15
development,2021-03-06_17-54-05,193,../../external_dataset/images/2021-03-06_17-54-05 40690.jpg,3,17,0,3,23
development,2021-03-06_17-54-05,194,../../external_dataset/images/2021-03-06_17-54-05 40694.jpg,6,13,1,0,20
development,2021-03-06_17-54-05,195,../../external_dataset/images/2021-03-06_17-54-05 40695.jpg,5,6,2,0,13
development,2021-03-06_17-54-05,196,../../external_dataset/images/2021-03-06_17-54-05 41180.jpg,1,6,1,0,8
development,2021-03-06_17-54-05,197,../../external_dataset/images/2021-03-06_17-54-05 41364.jpg,5,7,0,2,14
development,2021-03-06_17-54-05,198,../../external_dataset/images/2021-03-06_17-54-05 41365.jpg,5,15,0,2,22
development,2021-03-06_17-54-05,199,../../external_dataset/images/2021-03-06_17-54-05 41529.jpg,0,9,1,0,10
development,2021-03-06_17-54-05,200,../../external_dataset/images/2021-03-06_17-54-05 41796.jpg,5,6,2,0,13
development,2021-03-06_17-54-05,201,../../external_dataset/images/2021-03-06_17-54-05 42739.jpg,2,6,1,0,9
development,2021-03-06_17-54-05,202,../../external_dataset/images/2021-03-06_17-54-05 42894.jpg,1,8,4,0,13
development,2021-03-06_17-54-05,203,../../external_dataset/images/2021-03-06_17-54-05 42895.jpg,1,14,2,0,17
development,2021-03-06_17-54-05,204,../../external_dataset/images/2021-03-06_17-54-05 43317.jpg,3,7,2,0,12
development,2021-03-06_17-54-05,205,../../external_dataset/images/2021-03-06_17-54-05 43435.jpg,3,6,1,0,10
development,2021-03-06_17-54-05,206,../../external_dataset/images/2021-03-06_17-54-05 43648.jpg,1,16,2,0,19
development,2021-03-06_17-54-05,207,../../external_dataset/images/2021-03-06_17-54-05 44005.jpg,6,13,3,0,22
development,2021-03-06_17-54-05,208,../../external_dataset/images/2021-03-06_17-54-05 44083.jpg,3,5,2,0,10
development,2021-03-06_17-54-05,209,../../external_dataset/images/2021-03-06_17-54-05 44370.jpg,5,9,1,0,15
development,2021-03-06_17-54-05,210,../../external_dataset/images/2021-03-06_17-54-05 44403.jpg,7,14,0,2,23
development,2021-03-06_17-54-05,211,../../external_dataset/images/2021-03-06_17-54-05 44404.jpg,7,9,0,3,19
development,2021-03-06_17-54-05,212,../../external_dataset/images/2021-03-06_17-54-05 44405.jpg,5,7,0,2,14
development,2021-03-06_17-54-05,213,../../external_dataset/images/2021-03-06_17-54-05 44406.jpg,7,12,0,0,19
development,2021-03-06_17-54-05,214,../../external_dataset/images/2021-03-06_17-54-05 44868.jpg,5,12,0,0,17
development,2021-03-06_17-54-05,215,../../external_dataset/images/2021-03-06_17-54-05 45078.jpg,2,12,1,0,15
development,2021-03-06_17-54-05,216,../../external_dataset/images/2021-03-06_17-54-05 45917.jpg,5,9,0,1,15
development,2021-03-06_17-54-05,217,../../external_dataset/images/2021-03-06_17-54-05 45918.jpg,4,10,0,1,15
development,2021-03-06_17-54-05,218,../../external_dataset/images/2021-03-06_17-54-05 45919.jpg,4,12,0,1,17
development,2021-03-06_17-54-05,219,../../external_dataset/images/2021-03-06_17-54-05 46044.jpg,5,9,1,0,15
development,2021-03-06_17-54-05,220,../../external_dataset/images/2021-03-06_17-54-05 46045.jpg,5,7,1,0,13
development,2021-03-06_17-54-05,221,../../external_dataset/images/2021-03-06_17-54-05 46063.jpg,5,9,1,0,15
development,2021-03-06_17-54-05,222,../../external_dataset/images/2021-03-06_17-54-05 46175.jpg,3,4,1,0,8
development,2021-03-06_17-54-05,223,../../external_dataset/images/2021-03-06_17-54-05 46209.jpg,4,11,0,2,17
development,2021-03-06_17-54-05,224,../../external_dataset/images/2021-03-06_17-54-05 46210.jpg,4,7,0,1,12
development,2021-03-06_17-54-05,225,../../external_dataset/images/2021-03-06_17-54-05 46313.jpg,4,5,0,0,9
development,2021-03-06_17-54-05,226,../../external_dataset/images/2021-03-06_17-54-05 46314.jpg,5,12,0,2,19
development,2021-03-06_17-54-05,227,../../external_dataset/images/2021-03-06_17-54-05 46778.jpg,2,5,1,0,8
development,2021-03-06_17-54-05,228,../../external_dataset/images/2021-03-06_17-54-05 47356.jpg,7,10,0,2,19
development,2021-03-06_17-54-05,229,../../external_dataset/images/2021-03-06_17-54-05 47357.jpg,6,12,0,2,20
development,2021-03-06_17-54-05,230,../../external_dataset/images/2021-03-06_17-54-05 47642.jpg,1,14,0,2,17
development,2021-03-06_17-54-05,231,../../external_dataset/images/2021-03-06_17-54-05 47643.jpg,1,13,0,2,16
development,2021-03-06_17-54-05,232,../../external_dataset/images/2021-03-06_17-54-05 47886.jpg,7,8,1,0,16
development,2021-03-06_17-54-05,233,../../external_dataset/images/2021-03-06_17-54-05 47887.jpg,2,14,3,2,21
development,2021-03-06_17-54-05,234,../../external_dataset/images/2021-03-06_17-54-05 47920.jpg,4,9,2,0,15
development,2021-03-06_17-54-05,235,../../external_dataset/images/2021-03-06_17-54-05 48999.jpg,1,9,2,0,12
development,2021-03-06_17-54-05,236,../../external_dataset/images/2021-03-06_17-54-05 49009.jpg,3,12,2,0,17
development,2021-03-06_17-54-05,237,../../external_dataset/images/2021-03-06_17-54-05 49095.jpg,4,6,1,0,11
development,2021-03-06_17-54-05,238,../../external_dataset/images/2021-03-06_17-54-05 49103.jpg,9,10,0,1,20
development,2021-03-06_17-54-05,239,../../external_dataset/images/2021-03-06_17-54-05 49432.jpg,4,9,0,2,15
development,2021-03-06_17-54-05,240,../../external_dataset/images/2021-03-06_17-54-05 49639.jpg,3,6,1,0,10
development,2021-03-06_17-54-05,241,../../external_dataset/images/2021-03-06_17-54-05 49640.jpg,6,7,1,0,14
development,2021-03-06_17-54-05,242,../../external_dataset/images/2021-03-06_17-54-05 49874.jpg,5,5,0,2,12
development,2021-03-06_17-54-05,243,../../external_dataset/images/2021-03-06_17-54-05 49875.jpg,4,13,0,2,19
development,2021-03-06_17-54-05,244,../../external_dataset/images/2021-03-06_17-54-05 49876.jpg,3,10,0,2,15
development,2021-03-06_17-54-05,245,../../external_dataset/images/2021-03-06_17-54-05 49889.jpg,3,15,0,1,19
development,2021-03-06_17-54-05,246,../../external_dataset/images/2021-03-06_17-54-05 51099.jpg,4,7,0,3,14
development,2021-03-06_17-54-05,247,../../external_dataset/images/2021-03-06_17-54-05 51100.jpg,3,6,0,3,12
development,2021-03-06_17-54-05,248,../../external_dataset/images/2021-03-06_17-54-05 51171.jpg,3,11,1,0,15
development,2021-03-06_17-54-05,249,../../external_dataset/images/2021-03-06_17-54-05 51498.jpg,3,9,2,0,14
development,2021-03-06_17-54-05,250,../../external_dataset/images/2021-03-06_17-54-05 51499.jpg,3,13,4,0,20
development,2021-03-06_17-54-05,251,../../external_dataset/images/2021-03-06_17-54-05 51510.jpg,4,10,1,0,15
development,2021-03-06_17-54-05,252,../../external_dataset/images/2021-03-06_17-54-05 54449.jpg,1,12,1,0,14
development,2021-03-06_17-54-05,253,../../external_dataset/images/2021-03-06_17-54-05 54450.jpg,6,10,1,0,17
development,2021-04-18_09-34-57,362,../../external_dataset/images/2021-04-18_09-34-57 001.jpg,0,10,0,0,10
development,2021-04-18_09-34-57,363,../../external_dataset/images/2021-04-18_09-34-57 002.jpg,0,12,0,0,12
development,2021-04-18_09-34-57,364,../../external_dataset/images/2021-04-18_09-34-57 003.jpg,0,10,1,0,11
development,2021-04-18_09-34-57,365,../../external_dataset/images/2021-04-18_09-34-57 004.jpg,2,7,1,0,10
development,2021-04-18_09-34-57,366,../../external_dataset/images/2021-04-18_09-34-57 005.jpg,4,4,0,0,8
development,2021-04-18_09-34-57,367,../../external_dataset/images/2021-04-18_09-34-57 006.jpg,4,4,0,0,8
development,2021-04-18_09-34-57,368,../../external_dataset/images/2021-04-18_09-34-57 007.jpg,3,8,0,0,11
development,2021-04-18_09-34-57,369,../../external_dataset/images/2021-04-18_09-34-57 010.jpg,6,15,0,0,21
development,2021-04-18_09-34-57,370,../../external_dataset/images/2021-04-18_09-34-57 011.jpg,7,5,0,0,12
development,2021-04-18_09-34-57,371,../../external_dataset/images/2021-04-18_09-34-57 012.jpg,9,13,0,0,22
development,2021-04-18_09-34-57,372,../../external_dataset/images/2021-04-18_09-34-57 013.jpg,5,7,0,0,12
development,2021-04-18_09-34-57,373,../../external_dataset/images/2021-04-18_09-34-57 014.jpg,3,7,0,0,10
development,2021-04-18_09-34-57,374,../../external_dataset/images/2021-04-18_09-34-57 015.jpg,2,4,0,0,6
development,2021-04-18_09-34-57,375,../../external_dataset/images/2021-04-18_09-34-57 016.jpg,3,10,0,0,13
development,2021-04-18_09-34-57,376,../../external_dataset/images/2021-04-18_09-34-57 017.jpg,2,7,0,0,9
development,2021-04-18_09-34-57,377,../../external_dataset/images/2021-04-18_09-34-57 018.jpg,2,10,0,0,12
development,2021-04-18_09-34-57,378,../../external_dataset/images/2021-04-18_09-34-57 019.jpg,2,12,0,0,14
development,2021-04-18_09-34-57,379,../../external_dataset/images/2021-04-18_09-34-57 020.jpg,2,7,0,0,9
development,2021-04-18_09-34-57,380,../../external_dataset/images/2021-04-18_09-34-57 021.jpg,3,8,0,0,11
development,2021-04-18_09-34-57,381,../../external_dataset/images/2021-04-18_09-34-57 022.jpg,2,3,0,0,5
development,2021-04-18_09-34-57,382,../../external_dataset/images/2021-04-18_09-34-57 023.jpg,4,3,0,0,7
development,2021-04-18_09-34-57,383,../../external_dataset/images/2021-04-18_09-34-57 024.jpg,3,12,0,0,15
development,2021-04-18_09-34-57,384,../../external_dataset/images/2021-04-18_09-34-57 025.jpg,5,12,0,0,17
development,2021-04-18_09-34-57,385,../../external_dataset/images/2021-04-18_09-34-57 026.jpg,4,10,0,0,14
development,2021-04-18_09-34-57,386,../../external_dataset/images/2021-04-18_09-34-57 027.jpg,6,11,0,0,17
development,2021-04-18_09-34-57,387,../../external_dataset/images/2021-04-18_09-34-57 028.jpg,8,8,0,0,16
development,2021-04-18_09-34-57,388,../../external_dataset/images/2021-04-18_09-34-57 029.jpg,12,12,0,0,24
development,2021-04-18_09-34-57,389,../../external_dataset/images/2021-04-18_09-34-57 030.jpg,6,10,0,0,16
development,2021-04-18_09-34-57,390,../../external_dataset/images/2021-04-18_09-34-57 031.jpg,6,8,0,0,14
development,2021-04-18_09-34-57,391,../../external_dataset/images/2021-04-18_09-34-57 032.jpg,8,5,0,0,13
development,2021-04-18_09-34-57,392,../../external_dataset/images/2021-04-18_09-34-57 033.jpg,5,15,0,1,21
development,2021-04-18_09-34-57,393,../../external_dataset/images/2021-04-18_09-34-57 034.jpg,5,8,0,0,13
development,2021-04-18_09-34-57,394,../../external_dataset/images/2021-04-18_09-34-57 035.jpg,3,7,0,0,10
development,2021-04-18_09-34-57,395,../../external_dataset/images/2021-04-18_09-34-57 036.jpg,3,7,0,0,10
development,2021-04-18_09-34-57,396,../../external_dataset/images/2021-04-18_09-34-57 037.jpg,4,5,0,0,9
development,2021-04-18_09-34-57,397,../../external_dataset/images/2021-04-18_09-34-57 038.jpg,4,10,0,0,14
development,2021-04-18_09-34-57,398,../../external_dataset/images/2021-04-18_09-34-57 039.jpg,2,9,0,0,11
development,2021-04-18_09-34-57,399,../../external_dataset/images/2021-04-18_09-34-57 040.jpg,2,5,0,0,7
development,2021-04-18_09-34-57,400,../../external_dataset/images/2021-04-18_09-34-57 041.jpg,3,8,0,0,11
development,2021-04-18_09-34-57,401,../../external_dataset/images/2021-04-18_09-34-57 042.jpg,4,12,0,0,16
development,2021-04-18_09-34-57,402,../../external_dataset/images/2021-04-18_09-34-57 043.jpg,6,10,0,0,16
development,2021-04-18_09-34-57,403,../../external_dataset/images/2021-04-18_09-34-57 044.jpg,5,5,0,0,10
development,2021-04-18_09-34-57,404,../../external_dataset/images/2021-04-18_09-34-57 045.jpg,4,4,0,0,8
development,2021-04-18_09-34-57,405,../../external_dataset/images/2021-04-18_09-34-57 046.jpg,5,8,0,0,13
development,2021-04-18_09-34-57,406,../../external_dataset/images/2021-04-18_09-34-57 047.jpg,5,10,0,0,15
development,2021-04-18_09-34-57,407,../../external_dataset/images/2021-04-18_09-34-57 048.jpg,4,9,0,0,13
development,2021-04-18_09-34-57,408,../../external_dataset/images/2021-04-18_09-34-57 049.jpg,2,18,0,0,20
development,2021-04-18_09-34-57,409,../../external_dataset/images/2021-04-18_09-34-57 050.jpg,2,6,0,0,8
development,2021-04-18_09-34-57,410,../../external_dataset/images/2021-04-18_09-34-57 051.jpg,2,6,0,0,8
development,2021-04-18_09-34-57,411,../../external_dataset/images/2021-04-18_09-34-57 052.jpg,2,6,0,0,8
development,2021-04-18_09-34-57,412,../../external_dataset/images/2021-04-18_09-34-57 053.jpg,0,4,0,0,4
development,2021-04-18_09-34-57,413,../../external_dataset/images/2021-04-18_09-34-57 054.jpg,0,5,0,0,5
development,2021-04-18_09-34-57,414,../../external_dataset/images/2021-04-18_09-34-57 055.jpg,0,12,0,0,12
development,4m2s,460,../../external_dataset/images/4m2s 023.jpg,4,24,0,1,29
development,4m2s,461,../../external_dataset/images/4m2s 071.jpg,16,24,0,1,41
development,4m2s,462,../../external_dataset/images/4m2s 216.jpg,9,13,0,3,25
development,4m2s,463,../../external_dataset/images/4m2s 246.jpg,11,24,0,1,36
development,4m2s,464,../../external_dataset/images/4m2s 278.jpg,13,24,0,2,39
development,4m2s,465,../../external_dataset/images/4m2s 281.jpg,19,23,0,2,44
development,4m2s,466,../../external_dataset/images/4m2s 340.jpg,20,23,0,3,46
development,4m2s,467,../../external_dataset/images/4m2s 348.jpg,11,27,0,1,39
development,4m2s,468,../../external_dataset/images/4m2s 355.jpg,9,24,0,3,36
development,4m2s,469,../../external_dataset/images/4m2s 358.jpg,6,30,0,2,38
development,4m2s,470,../../external_dataset/images/4m2s 361.jpg,22,26,0,3,51
development,4m2s,471,../../external_dataset/images/4m2s 373.jpg,12,28,0,1,41
development,4m2s,472,../../external_dataset/images/4m2s 387.jpg,11,36,0,4,51
development,4m2s,473,../../external_dataset/images/4m2s 390.jpg,12,19,0,2,33
development,4m2s,474,../../external_dataset/images/4m2s 440.jpg,11,29,0,2,42
development,4m2s,475,../../external_dataset/images/4m2s 449.jpg,12,20,0,1,33
development,4m2s,476,../../external_dataset/images/4m2s 454.jpg,18,24,0,3,45
development,4m2s,477,../../external_dataset/images/4m2s 470.jpg,10,27,0,2,39
development,4m2s,478,../../external_dataset/images/4m2s 519.jpg,15,21,0,1,37
development,4m2s,479,../../external_dataset/images/4m2s 524.jpg,20,30,0,1,51
development,4m2s,480,../../external_dataset/images/4m2s 559.jpg,15,24,0,1,40
development,4m2s,481,../../external_dataset/images/4m2s 592.jpg,17,24,0,2,43
development,4m2s,482,../../external_dataset/images/4m2s 596.jpg,16,25,0,2,43
development,4m2s,483,../../external_dataset/images/4m2s 660.jpg,15,18,0,2,35
