image_id,annotation_id,label_overlap,label,area_pixels,perimeter_pixels,major_axis_pixels,mean_width_pixels,orientation_degrees,aspect_ratio,solidity,rectangularity,thickness_pixels,mean_intensity,intensity_stddev,circularity,convexity,perimeter_to_major_axis,orientation_sin_2x,orientation_cos_2x
10,11,1.0,electron_positron,71.04,124.59209156036377,52.471795654296876,1.3538701909124125,-77.82854461669922,6.38432809600428,0.2905759162303665,0.16472757202996502,1.3538701909124125,94.23626373626374,18.056510904389388,0.05750847666526565,0.8698083345816977,2.374458316258537,-0.4121968241806177,-0.9110948238989248
11,14,1.0,electron_positron,1082.88,745.764149093628,232.51181640625,4.65731168736804,39.884857177734375,4.556478659037996,0.10254856207763871,0.09126822730980258,4.65731168736804,115.94311663479922,30.8905289005391,0.024467364567825736,0.7105269620216729,3.2074247262797675,0.9841018662827281,0.17760494581754055
12,15,1.0,electron_positron,726.7200000000001,585.0290869712829,249.2204345703125,2.915972766249915,74.02572536468506,9.977434368671673,0.1558789209966367,0.11673973262366753,2.915972766249915,124.1989063568011,28.06092773310901,0.026682225983717247,0.8718699053496561,2.347436268538521,0.5291575165224722,-0.8485236135239664
13,17,1.0,electron_positron,260.16,147.57442903518677,43.01618347167969,6.0479563504577305,-59.743560791015625,2.3564669737450874,0.46324786324786327,0.3313127350753558,6.0479563504577305,87.54897959183674,12.549764164772972,0.15011640823683073,0.6893932998438065,3.43067229877203,-0.8704663563885264,-0.49222791712344277
14,18,0.9690513568064588,electron_positron,3116.4800000000005,1593.6009692192079,329.5611083984375,9.456455633205946,-17.06869888305664,2.6756158293323606,0.10875124228110727,0.07677435758285903,9.456455633205946,114.8214720723856,27.422157827649634,0.015421088791272106,0.4770745412706992,4.835524971267402,-0.561179361797497,0.8276942212511539
15,19,1.0,electron_positron,663.3600000000001,1756.008351802826,713.636767578125,0.9295485184308122,70.03436660766602,8.314166485636258,0.01503415865280014,0.010829628586736506,0.9295485184308122,93.99438775510205,23.536564457496553,0.0027033731133604528,0.8554475027328172,2.4606472530307064,0.6418681844580152,-0.7668149931897338
16,21,1.0,electron_positron,289.92,165.36854152679444,41.58184509277344,6.9722735812506205,27.758541107177734,2.0938084346331567,0.39841688654353563,0.3510812278873499,6.9722735812506205,105.24680073126143,19.47302460341649,0.13322393211077563,0.6587472107894384,3.9769409259699744,0.8242950208482547,0.5661605060446864
17,22,1.0,electron_positron,155.52,83.42741661071778,33.6,4.628571428571429,-90.0,4.666666666666667,0.7105263157894737,0.6428571428571429,4.628571428571429,96.3458904109589,14.671058205347782,0.2807879851472197,0.9031874602431924,2.482958827699934,-1.2246467991473532e-16,-1.0
18,24,1.0,electron_positron,771.2,305.3449914932251,105.05427246093751,7.340967501219492,-88.3634262084961,6.010457658530342,0.6253243383497665,0.41999790494130745,7.340967501219492,124.01661849710982,18.169573312155315,0.10394300865133763,0.724334047983541,2.9065452012602537,-0.05709613469558272,-0.9983686851072723
19,25,0.5687203791469194,electron_positron,89.92000000000002,120.147012424469,44.79999389648438,2.0071431305944074,0.0,4.307692352836661,0.24224137931034484,0.1929945601039169,2.0071431305944074,98.55450236966826,17.813957361716785,0.07827808815836901,0.8154168659295603,2.681853321276845,0.0,1.0
20,26,1.0,electron_positron,1309.1200000000001,372.96652059555055,151.29832763671877,8.65257415893795,-87.3974380493164,7.0954004314134975,0.4923576844385606,0.4057776406331272,8.65257415893795,137.316091954023,18.93397941777641,0.11826319936676415,0.8548384761122299,2.4651066962952664,-0.09072164073073949,-0.995876289457241
22,30,1.0,electron_positron,777.6,907.5525493621826,299.488818359375,2.5964241478521917,8.244010925292969,4.1694376530402675,0.044340638286225205,0.03614702099604795,2.5964241478521917,111.51497695852535,31.378152994848676,0.01186376549932914,0.7588390775414137,3.03033867619443,0.28381488942318506,0.9588790896362822
24,32,1.0,electron_positron,1382.7200000000003,523.499737071991,128.02474365234374,10.800412174656103,-56.098899841308594,1.5815342475544947,0.21241765804738963,0.1334212532251412,10.800412174656103,133.56817256817257,21.28121333819184,0.06340319931645046,0.6867850216145601,4.089051242262786,-0.9258850942649804,-0.3778052305327815
26,36,1.0,electron_positron,1683.5200000000002,1795.6948187828066,362.2685546875,4.647160175003976,-86.91426849365234,1.1047882232124118,0.021061101614510983,0.014172159759090664,4.647160175003976,117.00194336479734,31.81344403076161,0.006560894964068132,0.6397047418601328,4.956805650249739,-0.10750419114037313,-0.9942046312944102
26,37,1.0,electron_positron,1240.6400000000003,346.770387172699,113.80850830078126,10.901118189873364,-27.216108322143555,3.790792281752133,0.46931364241617235,0.3631000468561281,10.901118189873364,142.27110694183864,21.25554005906343,0.12964973596531587,0.7250484787684377,3.0469636440206163,-0.8134279523895361,0.581665682562902
26,35,1.0,alpha,5356.4800000000005,977.1898953437806,429.31186523437503,12.476897178408352,88.0650680065155,13.51037213690606,0.5019641946801812,0.392645854086012,12.476897178408352,182.4619340413639,32.191985032613,0.0704906340078961,0.8941428837900373,2.276177237287168,0.06749052663650744,-0.9977199150133904
27,38,1.0,electron_positron,562.88,767.3072949409485,273.966943359375,2.05455444039336,69.46441078186035,5.48001182762434,0.05399514995242042,0.041096135525682,2.05455444039336,98.19474497681607,21.64360981088732,0.01201398339933966,0.7686419106392764,2.8007294804703364,0.6569960967545283,-0.7538939771939517
28,40,1.0,electron_positron,3349.4400000000005,2334.6788266181948,399.7156494140625,8.37955682973608,61.299909591674805,1.5692893099598744,0.04120898589752675,0.03289825898581256,8.37955682973608,119.92528823981553,28.83782129399792,0.007721964080927662,0.47499833910496997,5.840849188768484,0.8424540972805208,-0.5387681263542441
29,42,1.0,electron_positron,96.0,149.36854152679444,59.88764038085938,1.6030018780082456,19.767166137695312,7.713636106799604,0.21978021978021978,0.2064695333934701,1.6030018780082456,79.10256410256412,19.112525366994515,0.05407080261047565,0.8576403285825928,2.4941463810708755,0.6365404721843376,0.7712432996605808
29,41,1.0,electron_positron,1398.4,655.7564159393311,167.3773193359375,8.354775937074947,-80.29960632324219,2.455165614520618,0.16962968713609192,0.12255160184852172,8.354775937074947,127.8249409913454,26.42537031339948,0.04086544029162056,0.5908029574657435,3.9178331839762826,-0.332174093534371,-0.9432180933297553
30,45,1.0,electron_positron,2048.0,868.7172243118287,177.3526611328125,11.547613590451471,-37.56858825683594,1.4230919546647312,0.1338016390700786,0.09265897613931108,11.547613590451471,120.28811264554562,27.691647875769082,0.034102243523317845,0.5817361963870373,4.89824747349734,-0.9665427171559517,0.256505703470293
30,44,1.0,electron_positron,184.64000000000001,149.72346239089967,58.3813720703125,3.1626526313500474,-4.635463237762451,5.562627731623039,0.4139167862266858,0.3013402838742872,3.1626526313500474,115.29333333333334,37.402165118553704,0.10350371359278566,0.8326724714878595,2.5645759440284808,-0.1611030413795037,0.9869375917748163
31,46,0.9993882723062134,electron_positron,6568.0,2045.9266278266907,787.2143066406251,8.343344302301139,0.402069091796875,10.8976882676202,0.18862635898284213,0.11549988935530199,8.343344302301139,157.47487546971948,25.76268846584798,0.01971800165134935,0.7804101715903988,2.5989449258836785,0.01403439819123251,0.9999015129838588
32,48,1.0,electron_positron,799.3600000000001,961.6780326843262,313.40791015625,2.5505418787977554,27.345020294189453,3.171269514435031,0.034151343222366536,0.025808077726846963,2.5505418787977554,106.57626178591238,32.59538895356323,0.010861576990497947,0.752620049125141,3.0684548842589203,0.8160371319241815,0.5779994803812163
33,49,1.0,electron_positron,1319.3600000000001,875.6605454444885,299.18723144531253,4.409813860125116,-8.033726692199707,5.0540890066623385,0.08162901661090102,0.07449379321510062,4.409813860125116,138.96203022084464,36.34856586702637,0.02162228626261027,0.7676435634358062,2.9267978490069613,-0.27676884221676545,0.9609365265083804
