image_id,split,session,video_time_seconds,alpha_boxes,electron_positron_boxes,total_boxes,needs_review,raw_image,label,annotation_reference,review_overlay,original_video_path,supplied_bw_path,original_annotated_path
VID_20220609_215401_t0014_01,development,VID_20220609_215401,14,0,1,1,False,development/images/VID_20220609_215401_t0014_01.jpg,development/labels/VID_20220609_215401_t0014_01.json,development/annotation_reference/VID_20220609_215401_t0014_01.jpg,development/review_overlays/VID_20220609_215401_t0014_01.jpg,01 - Annotated Capture/VID_20220609_215401/VID_20220609_215401.mp4,01 - Annotated Capture/VID_20220609_215401/VID_20220609_215401_S.mp4_snapshot_00.14_[2022.06.10_12.26.29].jpg,01 - Annotated Capture/VID_20220609_215401/Annotated/VID_20220609_215401_A.mp4_snapshot_00.14_[2022.06.10_12.55.24].jpg
VID_20220609_215401_t0035_01,development,VID_20220609_215401,35,0,1,1,False,development/images/VID_20220609_215401_t0035_01.jpg,development/labels/VID_20220609_215401_t0035_01.json,development/annotation_reference/VID_20220609_215401_t0035_01.jpg,development/review_overlays/VID_20220609_215401_t0035_01.jpg,01 - Annotated Capture/VID_20220609_215401/VID_20220609_215401.mp4,01 - Annotated Capture/VID_20220609_215401/VID_20220609_215401_S.mp4_snapshot_00.35_[2022.06.10_12.31.54].jpg,01 - Annotated Capture/VID_20220609_215401/Annotated/VID_20220609_215401_A.mp4_snapshot_00.35_[2022.06.10_12.56.31].jpg
VID_20220609_215401_t0080_01,development,VID_20220609_215401,80,0,2,2,False,development/images/VID_20220609_215401_t0080_01.jpg,development/labels/VID_20220609_215401_t0080_01.json,development/annotation_reference/VID_20220609_215401_t0080_01.jpg,development/review_overlays/VID_20220609_215401_t0080_01.jpg,01 - Annotated Capture/VID_20220609_215401/VID_20220609_215401.mp4,01 - Annotated Capture/VID_20220609_215401/VID_20220609_215401_S.mp4_snapshot_01.20_[2022.06.10_12.41.00].jpg,01 - Annotated Capture/VID_20220609_215401/Annotated/VID_20220609_215401_A.mp4_snapshot_01.20_[2022.06.10_12.57.12].jpg
VID_20220609_215401_t0085_01,development,VID_20220609_215401,85,0,1,1,False,development/images/VID_20220609_215401_t0085_01.jpg,development/labels/VID_20220609_215401_t0085_01.json,development/annotation_reference/VID_20220609_215401_t0085_01.jpg,development/review_overlays/VID_20220609_215401_t0085_01.jpg,01 - Annotated Capture/VID_20220609_215401/VID_20220609_215401.mp4,01 - Annotated Capture/VID_20220609_215401/VID_20220609_215401_S.mp4_snapshot_01.25_[2022.06.10_12.42.16].jpg,01 - Annotated Capture/VID_20220609_215401/Annotated/VID_20220609_215401_A.mp4_snapshot_01.25_[2022.06.10_12.57.39].jpg
VID_20220609_215401_t0086_01,development,VID_20220609_215401,86,0,1,1,False,development/images/VID_20220609_215401_t0086_01.jpg,development/labels/VID_20220609_215401_t0086_01.json,development/annotation_reference/VID_20220609_215401_t0086_01.jpg,development/review_overlays/VID_20220609_215401_t0086_01.jpg,01 - Annotated Capture/VID_20220609_215401/VID_20220609_215401.mp4,01 - Annotated Capture/VID_20220609_215401/VID_20220609_215401_S.mp4_snapshot_01.26_[2022.06.10_12.43.32].jpg,01 - Annotated Capture/VID_20220609_215401/Annotated/VID_20220609_215401_A.mp4_snapshot_01.26_[2022.06.10_12.58.02].jpg
VID_20220609_215401_t0094_01,development,VID_20220609_215401,94,0,1,1,False,development/images/VID_20220609_215401_t0094_01.jpg,development/labels/VID_20220609_215401_t0094_01.json,development/annotation_reference/VID_20220609_215401_t0094_01.jpg,development/review_overlays/VID_20220609_215401_t0094_01.jpg,01 - Annotated Capture/VID_20220609_215401/VID_20220609_215401.mp4,01 - Annotated Capture/VID_20220609_215401/VID_20220609_215401_S.mp4_snapshot_01.34_[2022.06.10_12.48.49].jpg,01 - Annotated Capture/VID_20220609_215401/Annotated/VID_20220609_215401_A.mp4_snapshot_01.34_[2022.06.10_12.58.26].jpg
VID_20220609_215401_t0099_01,development,VID_20220609_215401,99,0,1,1,False,development/images/VID_20220609_215401_t0099_01.jpg,development/labels/VID_20220609_215401_t0099_01.json,development/annotation_reference/VID_20220609_215401_t0099_01.jpg,development/review_overlays/VID_20220609_215401_t0099_01.jpg,01 - Annotated Capture/VID_20220609_215401/VID_20220609_215401.mp4,01 - Annotated Capture/VID_20220609_215401/VID_20220609_215401_S.mp4_snapshot_01.39_[2022.06.10_12.50.04].jpg,01 - Annotated Capture/VID_20220609_215401/Annotated/VID_20220609_215401_A.mp4_snapshot_01.39_[2022.06.10_12.58.57].jpg
VID_20220609_215401_t0104_01,development,VID_20220609_215401,104,0,1,1,False,development/images/VID_20220609_215401_t0104_01.jpg,development/labels/VID_20220609_215401_t0104_01.json,development/annotation_reference/VID_20220609_215401_t0104_01.jpg,development/review_overlays/VID_20220609_215401_t0104_01.jpg,01 - Annotated Capture/VID_20220609_215401/VID_20220609_215401.mp4,01 - Annotated Capture/VID_20220609_215401/VID_20220609_215401_S.mp4_snapshot_01.44_[2022.06.10_12.51.43].jpg,01 - Annotated Capture/VID_20220609_215401/Annotated/VID_20220609_215401_A.mp4_snapshot_01.44_[2022.06.10_12.59.40].jpg
VID_20220609_220549_t0001_01,development,VID_20220609_220549,1,0,1,1,False,development/images/VID_20220609_220549_t0001_01.jpg,development/labels/VID_20220609_220549_t0001_01.json,development/annotation_reference/VID_20220609_220549_t0001_01.jpg,development/review_overlays/VID_20220609_220549_t0001_01.jpg,01 - Annotated Capture/VID_20220609_220549/VID_20220609_220549.mp4,01 - Annotated Capture/VID_20220609_220549/VID_20220609_220549_S.mp4_snapshot_00.01_[2022.06.10_15.48.05].jpg,01 - Annotated Capture/VID_20220609_220549/Annotated/VID_20220609_220549_A.mp4_snapshot_00.01_[2022.06.10_16.13.30].jpg
VID_20220609_220549_t0006_01,development,VID_20220609_220549,6,0,2,2,False,development/images/VID_20220609_220549_t0006_01.jpg,development/labels/VID_20220609_220549_t0006_01.json,development/annotation_reference/VID_20220609_220549_t0006_01.jpg,development/review_overlays/VID_20220609_220549_t0006_01.jpg,01 - Annotated Capture/VID_20220609_220549/VID_20220609_220549.mp4,01 - Annotated Capture/VID_20220609_220549/VID_20220609_220549_S.mp4_snapshot_00.06_[2022.06.10_15.48.49].jpg,01 - Annotated Capture/VID_20220609_220549/Annotated/VID_20220609_220549_A.mp4_snapshot_00.06_[2022.06.10_16.14.01].jpg
VID_20220609_220549_t0007_01,development,VID_20220609_220549,7,0,2,2,False,development/images/VID_20220609_220549_t0007_01.jpg,development/labels/VID_20220609_220549_t0007_01.json,development/annotation_reference/VID_20220609_220549_t0007_01.jpg,development/review_overlays/VID_20220609_220549_t0007_01.jpg,01 - Annotated Capture/VID_20220609_220549/VID_20220609_220549.mp4,01 - Annotated Capture/VID_20220609_220549/VID_20220609_220549_S.mp4_snapshot_00.07_[2022.06.10_15.49.22].jpg,01 - Annotated Capture/VID_20220609_220549/Annotated/VID_20220609_220549_A.mp4_snapshot_00.07_[2022.06.10_16.14.17].jpg
VID_20220609_220549_t0012_01,development,VID_20220609_220549,12,0,2,2,False,development/images/VID_20220609_220549_t0012_01.jpg,development/labels/VID_20220609_220549_t0012_01.json,development/annotation_reference/VID_20220609_220549_t0012_01.jpg,development/review_overlays/VID_20220609_220549_t0012_01.jpg,01 - Annotated Capture/VID_20220609_220549/VID_20220609_220549.mp4,01 - Annotated Capture/VID_20220609_220549/VID_20220609_220549_S.mp4_snapshot_00.12_[2022.06.10_16.40.55].jpg,01 - Annotated Capture/VID_20220609_220549/Annotated/VID_20220609_220549_A.mp4_snapshot_00.12_[2022.06.10_16.15.20].jpg
VID_20220609_220549_t0020_01,development,VID_20220609_220549,20,0,1,1,False,development/images/VID_20220609_220549_t0020_01.jpg,development/labels/VID_20220609_220549_t0020_01.json,development/annotation_reference/VID_20220609_220549_t0020_01.jpg,development/review_overlays/VID_20220609_220549_t0020_01.jpg,01 - Annotated Capture/VID_20220609_220549/VID_20220609_220549.mp4,01 - Annotated Capture/VID_20220609_220549/VID_20220609_220549_S.mp4_snapshot_00.20_[2022.06.10_15.51.04].jpg,01 - Annotated Capture/VID_20220609_220549/Annotated/VID_20220609_220549_A.mp4_snapshot_00.20_[2022.06.10_16.17.35].jpg
VID_20220609_220549_t0023_01,development,VID_20220609_220549,23,0,1,1,False,development/images/VID_20220609_220549_t0023_01.jpg,development/labels/VID_20220609_220549_t0023_01.json,development/annotation_reference/VID_20220609_220549_t0023_01.jpg,development/review_overlays/VID_20220609_220549_t0023_01.jpg,01 - Annotated Capture/VID_20220609_220549/VID_20220609_220549.mp4,01 - Annotated Capture/VID_20220609_220549/VID_20220609_220549_S.mp4_snapshot_00.23_[2022.06.10_15.51.51].jpg,01 - Annotated Capture/VID_20220609_220549/Annotated/VID_20220609_220549_A.mp4_snapshot_00.23_[2022.06.10_16.18.03].jpg
VID_20220609_220549_t0029_01,development,VID_20220609_220549,29,0,2,2,False,development/images/VID_20220609_220549_t0029_01.jpg,development/labels/VID_20220609_220549_t0029_01.json,development/annotation_reference/VID_20220609_220549_t0029_01.jpg,development/review_overlays/VID_20220609_220549_t0029_01.jpg,01 - Annotated Capture/VID_20220609_220549/VID_20220609_220549.mp4,01 - Annotated Capture/VID_20220609_220549/VID_20220609_220549_S.mp4_snapshot_00.29_[2022.06.10_15.53.53].jpg,01 - Annotated Capture/VID_20220609_220549/Annotated/VID_20220609_220549_A.mp4_snapshot_00.29_[2022.06.10_16.23.36].jpg
VID_20220609_220549_t0033_01,development,VID_20220609_220549,33,0,1,1,False,development/images/VID_20220609_220549_t0033_01.jpg,development/labels/VID_20220609_220549_t0033_01.json,development/annotation_reference/VID_20220609_220549_t0033_01.jpg,development/review_overlays/VID_20220609_220549_t0033_01.jpg,01 - Annotated Capture/VID_20220609_220549/VID_20220609_220549.mp4,01 - Annotated Capture/VID_20220609_220549/VID_20220609_220549_S.mp4_snapshot_00.33_[2022.06.10_16.41.43].jpg,01 - Annotated Capture/VID_20220609_220549/Annotated/VID_20220609_220549_A.mp4_snapshot_00.33_[2022.06.10_16.24.44].jpg
VID_20220609_220549_t0038_01,development,VID_20220609_220549,38,0,2,2,False,development/images/VID_20220609_220549_t0038_01.jpg,development/labels/VID_20220609_220549_t0038_01.json,development/annotation_reference/VID_20220609_220549_t0038_01.jpg,development/review_overlays/VID_20220609_220549_t0038_01.jpg,01 - Annotated Capture/VID_20220609_220549/VID_20220609_220549.mp4,01 - Annotated Capture/VID_20220609_220549/VID_20220609_220549_S.mp4_snapshot_00.38_[2022.06.10_15.55.16].jpg,01 - Annotated Capture/VID_20220609_220549/Annotated/VID_20220609_220549_A.mp4_snapshot_00.38_[2022.06.10_16.25.25].jpg
VID_20220609_220549_t0045_01,development,VID_20220609_220549,45,0,1,1,False,development/images/VID_20220609_220549_t0045_01.jpg,development/labels/VID_20220609_220549_t0045_01.json,development/annotation_reference/VID_20220609_220549_t0045_01.jpg,development/review_overlays/VID_20220609_220549_t0045_01.jpg,01 - Annotated Capture/VID_20220609_220549/VID_20220609_220549.mp4,01 - Annotated Capture/VID_20220609_220549/VID_20220609_220549_S.mp4_snapshot_00.45_[2022.06.10_16.42.40].jpg,01 - Annotated Capture/VID_20220609_220549/Annotated/VID_20220609_220549_A.mp4_snapshot_00.45_[2022.06.10_16.26.17].jpg
VID_20220609_220549_t0056_01,development,VID_20220609_220549,56,0,1,1,False,development/images/VID_20220609_220549_t0056_01.jpg,development/labels/VID_20220609_220549_t0056_01.json,development/annotation_reference/VID_20220609_220549_t0056_01.jpg,development/review_overlays/VID_20220609_220549_t0056_01.jpg,01 - Annotated Capture/VID_20220609_220549/VID_20220609_220549.mp4,01 - Annotated Capture/VID_20220609_220549/VID_20220609_220549_S.mp4_snapshot_00.56_[2022.06.10_15.57.44].jpg,01 - Annotated Capture/VID_20220609_220549/Annotated/VID_20220609_220549_A.mp4_snapshot_00.56_[2022.06.10_16.27.52].jpg
VID_20220609_220549_t0058_01,development,VID_20220609_220549,58,0,3,3,False,development/images/VID_20220609_220549_t0058_01.jpg,development/labels/VID_20220609_220549_t0058_01.json,development/annotation_reference/VID_20220609_220549_t0058_01.jpg,development/review_overlays/VID_20220609_220549_t0058_01.jpg,01 - Annotated Capture/VID_20220609_220549/VID_20220609_220549.mp4,01 - Annotated Capture/VID_20220609_220549/VID_20220609_220549_S.mp4_snapshot_00.58_[2022.06.10_16.43.16].jpg,01 - Annotated Capture/VID_20220609_220549/Annotated/VID_20220609_220549_A.mp4_snapshot_00.58_[2022.06.10_16.28.48].jpg
VID_20220609_220549_t0066_01,development,VID_20220609_220549,66,0,1,1,False,development/images/VID_20220609_220549_t0066_01.jpg,development/labels/VID_20220609_220549_t0066_01.json,development/annotation_reference/VID_20220609_220549_t0066_01.jpg,development/review_overlays/VID_20220609_220549_t0066_01.jpg,01 - Annotated Capture/VID_20220609_220549/VID_20220609_220549.mp4,01 - Annotated Capture/VID_20220609_220549/VID_20220609_220549_S.mp4_snapshot_01.06_[2022.06.10_15.59.21].jpg,01 - Annotated Capture/VID_20220609_220549/Annotated/VID_20220609_220549_A.mp4_snapshot_01.06_[2022.06.10_16.29.25].jpg
VID_20220609_220549_t0068_01,development,VID_20220609_220549,68,0,1,1,False,development/images/VID_20220609_220549_t0068_01.jpg,development/labels/VID_20220609_220549_t0068_01.json,development/annotation_reference/VID_20220609_220549_t0068_01.jpg,development/review_overlays/VID_20220609_220549_t0068_01.jpg,01 - Annotated Capture/VID_20220609_220549/VID_20220609_220549.mp4,01 - Annotated Capture/VID_20220609_220549/VID_20220609_220549_S.mp4_snapshot_01.08_[2022.06.10_16.43.49].jpg,01 - Annotated Capture/VID_20220609_220549/Annotated/VID_20220609_220549_A.mp4_snapshot_01.08_[2022.06.10_16.29.50].jpg
VID_20220609_220549_t0073_01,development,VID_20220609_220549,73,0,1,1,False,development/images/VID_20220609_220549_t0073_01.jpg,development/labels/VID_20220609_220549_t0073_01.json,development/annotation_reference/VID_20220609_220549_t0073_01.jpg,development/review_overlays/VID_20220609_220549_t0073_01.jpg,01 - Annotated Capture/VID_20220609_220549/VID_20220609_220549.mp4,01 - Annotated Capture/VID_20220609_220549/VID_20220609_220549_S.mp4_snapshot_01.13_[2022.06.10_16.00.38].jpg,01 - Annotated Capture/VID_20220609_220549/Annotated/VID_20220609_220549_A.mp4_snapshot_01.13_[2022.06.10_16.30.21].jpg
VID_20220609_220549_t0084_01,development,VID_20220609_220549,84,0,1,1,False,development/images/VID_20220609_220549_t0084_01.jpg,development/labels/VID_20220609_220549_t0084_01.json,development/annotation_reference/VID_20220609_220549_t0084_01.jpg,development/review_overlays/VID_20220609_220549_t0084_01.jpg,01 - Annotated Capture/VID_20220609_220549/VID_20220609_220549.mp4,01 - Annotated Capture/VID_20220609_220549/VID_20220609_220549_S.mp4_snapshot_01.24_[2022.06.10_16.01.52].jpg,01 - Annotated Capture/VID_20220609_220549/Annotated/VID_20220609_220549_A.mp4_snapshot_01.24_[2022.06.10_16.31.07].jpg
VID_20220609_220549_t0090_01,development,VID_20220609_220549,90,1,1,2,False,development/images/VID_20220609_220549_t0090_01.jpg,development/labels/VID_20220609_220549_t0090_01.json,development/annotation_reference/VID_20220609_220549_t0090_01.jpg,development/review_overlays/VID_20220609_220549_t0090_01.jpg,01 - Annotated Capture/VID_20220609_220549/VID_20220609_220549.mp4,01 - Annotated Capture/VID_20220609_220549/VID_20220609_220549_S.mp4_snapshot_01.30_[2022.06.10_16.44.26].jpg,01 - Annotated Capture/VID_20220609_220549/Annotated/VID_20220609_220549_A.mp4_snapshot_01.30_[2022.06.10_16.31.58].jpg
VID_20220609_220549_t0095_01,development,VID_20220609_220549,95,1,2,3,False,development/images/VID_20220609_220549_t0095_01.jpg,development/labels/VID_20220609_220549_t0095_01.json,development/annotation_reference/VID_20220609_220549_t0095_01.jpg,development/review_overlays/VID_20220609_220549_t0095_01.jpg,01 - Annotated Capture/VID_20220609_220549/VID_20220609_220549.mp4,01 - Annotated Capture/VID_20220609_220549/VID_20220609_220549_S.mp4_snapshot_01.35_[2022.06.10_16.03.51].jpg,01 - Annotated Capture/VID_20220609_220549/Annotated/VID_20220609_220549_A.mp4_snapshot_01.35_[2022.06.10_16.32.45].jpg
VID_20220609_220549_t0105_01,development,VID_20220609_220549,105,0,2,2,False,development/images/VID_20220609_220549_t0105_01.jpg,development/labels/VID_20220609_220549_t0105_01.json,development/annotation_reference/VID_20220609_220549_t0105_01.jpg,development/review_overlays/VID_20220609_220549_t0105_01.jpg,01 - Annotated Capture/VID_20220609_220549/VID_20220609_220549.mp4,01 - Annotated Capture/VID_20220609_220549/VID_20220609_220549_S.mp4_snapshot_01.45_[2022.06.10_16.07.23].jpg,01 - Annotated Capture/VID_20220609_220549/Annotated/VID_20220609_220549_A.mp4_snapshot_01.45_[2022.06.10_16.33.29].jpg
VID_20220609_220549_t0106_01,development,VID_20220609_220549,106,0,1,1,False,development/images/VID_20220609_220549_t0106_01.jpg,development/labels/VID_20220609_220549_t0106_01.json,development/annotation_reference/VID_20220609_220549_t0106_01.jpg,development/review_overlays/VID_20220609_220549_t0106_01.jpg,01 - Annotated Capture/VID_20220609_220549/VID_20220609_220549.mp4,01 - Annotated Capture/VID_20220609_220549/VID_20220609_220549_S.mp4_snapshot_01.46_[2022.06.10_16.07.51].jpg,01 - Annotated Capture/VID_20220609_220549/Annotated/VID_20220609_220549_A.mp4_snapshot_01.46_[2022.06.10_16.33.52].jpg
VID_20220609_220549_t0106_02,development,VID_20220609_220549,106,0,2,2,False,development/images/VID_20220609_220549_t0106_02.jpg,development/labels/VID_20220609_220549_t0106_02.json,development/annotation_reference/VID_20220609_220549_t0106_02.jpg,development/review_overlays/VID_20220609_220549_t0106_02.jpg,01 - Annotated Capture/VID_20220609_220549/VID_20220609_220549.mp4,01 - Annotated Capture/VID_20220609_220549/VID_20220609_220549_S.mp4_snapshot_01.46_[2022.06.10_16.08.16].jpg,01 - Annotated Capture/VID_20220609_220549/Annotated/VID_20220609_220549_A.mp4_snapshot_01.46_[2022.06.10_16.34.34].jpg
VID_20220609_220549_t0114_01,development,VID_20220609_220549,114,0,3,3,False,development/images/VID_20220609_220549_t0114_01.jpg,development/labels/VID_20220609_220549_t0114_01.json,development/annotation_reference/VID_20220609_220549_t0114_01.jpg,development/review_overlays/VID_20220609_220549_t0114_01.jpg,01 - Annotated Capture/VID_20220609_220549/VID_20220609_220549.mp4,01 - Annotated Capture/VID_20220609_220549/VID_20220609_220549_S.mp4_snapshot_01.54_[2022.06.10_16.45.00].jpg,01 - Annotated Capture/VID_20220609_220549/Annotated/VID_20220609_220549_A.mp4_snapshot_01.54_[2022.06.10_16.36.09].jpg
VID_20220609_220549_t0116_01,development,VID_20220609_220549,116,0,2,2,False,development/images/VID_20220609_220549_t0116_01.jpg,development/labels/VID_20220609_220549_t0116_01.json,development/annotation_reference/VID_20220609_220549_t0116_01.jpg,development/review_overlays/VID_20220609_220549_t0116_01.jpg,01 - Annotated Capture/VID_20220609_220549/VID_20220609_220549.mp4,01 - Annotated Capture/VID_20220609_220549/VID_20220609_220549_S.mp4_snapshot_01.56_[2022.06.10_16.45.25].jpg,01 - Annotated Capture/VID_20220609_220549/Annotated/VID_20220609_220549_A.mp4_snapshot_01.56_[2022.06.10_16.36.45].jpg
VID_20220609_220549_t0121_01,development,VID_20220609_220549,121,0,1,1,False,development/images/VID_20220609_220549_t0121_01.jpg,development/labels/VID_20220609_220549_t0121_01.json,development/annotation_reference/VID_20220609_220549_t0121_01.jpg,development/review_overlays/VID_20220609_220549_t0121_01.jpg,01 - Annotated Capture/VID_20220609_220549/VID_20220609_220549.mp4,01 - Annotated Capture/VID_20220609_220549/VID_20220609_220549_S.mp4_snapshot_02.01_[2022.06.10_16.10.40].jpg,01 - Annotated Capture/VID_20220609_220549/Annotated/VID_20220609_220549_A.mp4_snapshot_02.01_[2022.06.10_16.37.09].jpg
VID_20220609_220549_t0121_02,development,VID_20220609_220549,121,0,2,2,False,development/images/VID_20220609_220549_t0121_02.jpg,development/labels/VID_20220609_220549_t0121_02.json,development/annotation_reference/VID_20220609_220549_t0121_02.jpg,development/review_overlays/VID_20220609_220549_t0121_02.jpg,01 - Annotated Capture/VID_20220609_220549/VID_20220609_220549.mp4,01 - Annotated Capture/VID_20220609_220549/VID_20220609_220549_S.mp4_snapshot_02.01_[2022.06.10_16.46.05].jpg,01 - Annotated Capture/VID_20220609_220549/Annotated/VID_20220609_220549_A.mp4_snapshot_02.01_[2022.06.10_16.37.36].jpg
VID_20220609_220549_t0126_01,development,VID_20220609_220549,126,0,1,1,False,development/images/VID_20220609_220549_t0126_01.jpg,development/labels/VID_20220609_220549_t0126_01.json,development/annotation_reference/VID_20220609_220549_t0126_01.jpg,development/review_overlays/VID_20220609_220549_t0126_01.jpg,01 - Annotated Capture/VID_20220609_220549/VID_20220609_220549.mp4,01 - Annotated Capture/VID_20220609_220549/VID_20220609_220549_S.mp4_snapshot_02.06_[2022.06.10_16.11.50].jpg,01 - Annotated Capture/VID_20220609_220549/Annotated/VID_20220609_220549_A.mp4_snapshot_02.06_[2022.06.10_16.38.42].jpg
VID_20220609_220753_t0007_01,validation,VID_20220609_220753,7,0,1,1,False,validation/images/VID_20220609_220753_t0007_01.jpg,validation/labels/VID_20220609_220753_t0007_01.json,validation/annotation_reference/VID_20220609_220753_t0007_01.jpg,validation/review_overlays/VID_20220609_220753_t0007_01.jpg,01 - Annotated Capture/VID_20220609_220753/VID_20220609_220753.mp4,01 - Annotated Capture/VID_20220609_220753/VID_20220609_220753_S.mp4_snapshot_00.07_[2022.06.10_14.57.15].jpg,01 - Annotated Capture/VID_20220609_220753/Annotated/VID_20220609_220753_A.mp4_snapshot_00.07_[2022.06.10_15.28.29].jpg
VID_20220609_220753_t0008_01,validation,VID_20220609_220753,8,0,3,3,False,validation/images/VID_20220609_220753_t0008_01.jpg,validation/labels/VID_20220609_220753_t0008_01.json,validation/annotation_reference/VID_20220609_220753_t0008_01.jpg,validation/review_overlays/VID_20220609_220753_t0008_01.jpg,01 - Annotated Capture/VID_20220609_220753/VID_20220609_220753.mp4,01 - Annotated Capture/VID_20220609_220753/VID_20220609_220753_S.mp4_snapshot_00.08_[2022.06.10_14.57.43].jpg,01 - Annotated Capture/VID_20220609_220753/Annotated/VID_20220609_220753_A.mp4_snapshot_00.08_[2022.06.10_15.28.42].jpg
VID_20220609_220753_t0013_01,validation,VID_20220609_220753,13,0,1,1,False,validation/images/VID_20220609_220753_t0013_01.jpg,validation/labels/VID_20220609_220753_t0013_01.json,validation/annotation_reference/VID_20220609_220753_t0013_01.jpg,validation/review_overlays/VID_20220609_220753_t0013_01.jpg,01 - Annotated Capture/VID_20220609_220753/VID_20220609_220753.mp4,01 - Annotated Capture/VID_20220609_220753/VID_20220609_220753_S.mp4_snapshot_00.13_[2022.06.10_14.58.46].jpg,01 - Annotated Capture/VID_20220609_220753/Annotated/VID_20220609_220753_A.mp4_snapshot_00.13_[2022.06.10_15.29.44].jpg
VID_20220609_220753_t0014_01,validation,VID_20220609_220753,14,0,1,1,False,validation/images/VID_20220609_220753_t0014_01.jpg,validation/labels/VID_20220609_220753_t0014_01.json,validation/annotation_reference/VID_20220609_220753_t0014_01.jpg,validation/review_overlays/VID_20220609_220753_t0014_01.jpg,01 - Annotated Capture/VID_20220609_220753/VID_20220609_220753.mp4,01 - Annotated Capture/VID_20220609_220753/VID_20220609_220753_S.mp4_snapshot_00.14_[2022.06.10_14.59.19].jpg,01 - Annotated Capture/VID_20220609_220753/Annotated/VID_20220609_220753_A.mp4_snapshot_00.14_[2022.06.10_15.30.04].jpg
VID_20220609_220753_t0016_01,validation,VID_20220609_220753,16,0,2,2,False,validation/images/VID_20220609_220753_t0016_01.jpg,validation/labels/VID_20220609_220753_t0016_01.json,validation/annotation_reference/VID_20220609_220753_t0016_01.jpg,validation/review_overlays/VID_20220609_220753_t0016_01.jpg,01 - Annotated Capture/VID_20220609_220753/VID_20220609_220753.mp4,01 - Annotated Capture/VID_20220609_220753/VID_20220609_220753_S.mp4_snapshot_00.16_[2022.06.10_15.01.02].jpg,01 - Annotated Capture/VID_20220609_220753/Annotated/VID_20220609_220753_A.mp4_snapshot_00.16_[2022.06.10_15.30.30].jpg
VID_20220609_220753_t0016_02,validation,VID_20220609_220753,16,0,1,1,False,validation/images/VID_20220609_220753_t0016_02.jpg,validation/labels/VID_20220609_220753_t0016_02.json,validation/annotation_reference/VID_20220609_220753_t0016_02.jpg,validation/review_overlays/VID_20220609_220753_t0016_02.jpg,01 - Annotated Capture/VID_20220609_220753/VID_20220609_220753.mp4,01 - Annotated Capture/VID_20220609_220753/VID_20220609_220753_S.mp4_snapshot_00.16_[2022.06.10_15.01.35].jpg,01 - Annotated Capture/VID_20220609_220753/Annotated/VID_20220609_220753_A.mp4_snapshot_00.16_[2022.06.10_15.31.00].jpg
VID_20220609_220753_t0017_01,validation,VID_20220609_220753,17,0,1,1,False,validation/images/VID_20220609_220753_t0017_01.jpg,validation/labels/VID_20220609_220753_t0017_01.json,validation/annotation_reference/VID_20220609_220753_t0017_01.jpg,validation/review_overlays/VID_20220609_220753_t0017_01.jpg,01 - Annotated Capture/VID_20220609_220753/VID_20220609_220753.mp4,01 - Annotated Capture/VID_20220609_220753/VID_20220609_220753_S.mp4_snapshot_00.17_[2022.06.10_15.02.02].jpg,01 - Annotated Capture/VID_20220609_220753/Annotated/VID_20220609_220753_A.mp4_snapshot_00.17_[2022.06.10_15.31.17].jpg
VID_20220609_220753_t0029_01,validation,VID_20220609_220753,29,0,1,1,False,validation/images/VID_20220609_220753_t0029_01.jpg,validation/labels/VID_20220609_220753_t0029_01.json,validation/annotation_reference/VID_20220609_220753_t0029_01.jpg,validation/review_overlays/VID_20220609_220753_t0029_01.jpg,01 - Annotated Capture/VID_20220609_220753/VID_20220609_220753.mp4,01 - Annotated Capture/VID_20220609_220753/VID_20220609_220753_S.mp4_snapshot_00.29_[2022.06.10_15.04.59].jpg,01 - Annotated Capture/VID_20220609_220753/Annotated/VID_20220609_220753_A.mp4_snapshot_00.29_[2022.06.10_15.32.06].jpg
VID_20220609_220753_t0033_01,validation,VID_20220609_220753,33,0,1,1,False,validation/images/VID_20220609_220753_t0033_01.jpg,validation/labels/VID_20220609_220753_t0033_01.json,validation/annotation_reference/VID_20220609_220753_t0033_01.jpg,validation/review_overlays/VID_20220609_220753_t0033_01.jpg,01 - Annotated Capture/VID_20220609_220753/VID_20220609_220753.mp4,01 - Annotated Capture/VID_20220609_220753/VID_20220609_220753_S.mp4_snapshot_00.33_[2022.06.10_15.06.01].jpg,01 - Annotated Capture/VID_20220609_220753/Annotated/VID_20220609_220753_A.mp4_snapshot_00.33_[2022.06.10_15.32.34].jpg
VID_20220609_220753_t0041_01,validation,VID_20220609_220753,41,0,1,1,False,validation/images/VID_20220609_220753_t0041_01.jpg,validation/labels/VID_20220609_220753_t0041_01.json,validation/annotation_reference/VID_20220609_220753_t0041_01.jpg,validation/review_overlays/VID_20220609_220753_t0041_01.jpg,01 - Annotated Capture/VID_20220609_220753/VID_20220609_220753.mp4,01 - Annotated Capture/VID_20220609_220753/VID_20220609_220753_S.mp4_snapshot_00.41_[2022.06.10_15.07.51].jpg,01 - Annotated Capture/VID_20220609_220753/Annotated/VID_20220609_220753_A.mp4_snapshot_00.41_[2022.06.10_15.33.25].jpg
VID_20220609_220753_t0043_01,validation,VID_20220609_220753,43,0,1,1,False,validation/images/VID_20220609_220753_t0043_01.jpg,validation/labels/VID_20220609_220753_t0043_01.json,validation/annotation_reference/VID_20220609_220753_t0043_01.jpg,validation/review_overlays/VID_20220609_220753_t0043_01.jpg,01 - Annotated Capture/VID_20220609_220753/VID_20220609_220753.mp4,01 - Annotated Capture/VID_20220609_220753/VID_20220609_220753_S.mp4_snapshot_00.43_[2022.06.10_15.41.09].jpg,01 - Annotated Capture/VID_20220609_220753/Annotated/VID_20220609_220753_A.mp4_snapshot_00.43_[2022.06.10_15.34.09].jpg
VID_20220609_220753_t0044_01,validation,VID_20220609_220753,44,0,2,2,False,validation/images/VID_20220609_220753_t0044_01.jpg,validation/labels/VID_20220609_220753_t0044_01.json,validation/annotation_reference/VID_20220609_220753_t0044_01.jpg,validation/review_overlays/VID_20220609_220753_t0044_01.jpg,01 - Annotated Capture/VID_20220609_220753/VID_20220609_220753.mp4,01 - Annotated Capture/VID_20220609_220753/VID_20220609_220753_S.mp4_snapshot_00.44_[2022.06.10_15.09.05].jpg,01 - Annotated Capture/VID_20220609_220753/Annotated/VID_20220609_220753_A.mp4_snapshot_00.44_[2022.06.10_15.34.33].jpg
VID_20220609_220753_t0048_01,validation,VID_20220609_220753,48,0,1,1,False,validation/images/VID_20220609_220753_t0048_01.jpg,validation/labels/VID_20220609_220753_t0048_01.json,validation/annotation_reference/VID_20220609_220753_t0048_01.jpg,validation/review_overlays/VID_20220609_220753_t0048_01.jpg,01 - Annotated Capture/VID_20220609_220753/VID_20220609_220753.mp4,01 - Annotated Capture/VID_20220609_220753/VID_20220609_220753_S.mp4_snapshot_00.48_[2022.06.10_15.09.59].jpg,01 - Annotated Capture/VID_20220609_220753/Annotated/VID_20220609_220753_A.mp4_snapshot_00.48_[2022.06.10_15.36.05].jpg
VID_20220609_220753_t0063_01,validation,VID_20220609_220753,63,0,1,1,False,validation/images/VID_20220609_220753_t0063_01.jpg,validation/labels/VID_20220609_220753_t0063_01.json,validation/annotation_reference/VID_20220609_220753_t0063_01.jpg,validation/review_overlays/VID_20220609_220753_t0063_01.jpg,01 - Annotated Capture/VID_20220609_220753/VID_20220609_220753.mp4,01 - Annotated Capture/VID_20220609_220753/VID_20220609_220753_S.mp4_snapshot_01.03_[2022.06.10_15.13.14].jpg,01 - Annotated Capture/VID_20220609_220753/Annotated/VID_20220609_220753_A.mp4_snapshot_01.03_[2022.06.10_15.36.34].jpg
VID_20220609_220753_t0075_01,validation,VID_20220609_220753,75,0,1,1,False,validation/images/VID_20220609_220753_t0075_01.jpg,validation/labels/VID_20220609_220753_t0075_01.json,validation/annotation_reference/VID_20220609_220753_t0075_01.jpg,validation/review_overlays/VID_20220609_220753_t0075_01.jpg,01 - Annotated Capture/VID_20220609_220753/VID_20220609_220753.mp4,01 - Annotated Capture/VID_20220609_220753/VID_20220609_220753_S.mp4_snapshot_01.15_[2022.06.10_15.15.52].jpg,01 - Annotated Capture/VID_20220609_220753/Annotated/VID_20220609_220753_A.mp4_snapshot_01.15_[2022.06.10_15.36.58].jpg
VID_20220609_220753_t0081_01,validation,VID_20220609_220753,81,0,2,2,False,validation/images/VID_20220609_220753_t0081_01.jpg,validation/labels/VID_20220609_220753_t0081_01.json,validation/annotation_reference/VID_20220609_220753_t0081_01.jpg,validation/review_overlays/VID_20220609_220753_t0081_01.jpg,01 - Annotated Capture/VID_20220609_220753/VID_20220609_220753.mp4,01 - Annotated Capture/VID_20220609_220753/VID_20220609_220753_S.mp4_snapshot_01.21_[2022.06.10_15.17.36].jpg,01 - Annotated Capture/VID_20220609_220753/Annotated/VID_20220609_220753_A.mp4_snapshot_01.21_[2022.06.10_15.37.24].jpg
VID_20220609_220753_t0087_01,validation,VID_20220609_220753,87,0,1,1,False,validation/images/VID_20220609_220753_t0087_01.jpg,validation/labels/VID_20220609_220753_t0087_01.json,validation/annotation_reference/VID_20220609_220753_t0087_01.jpg,validation/review_overlays/VID_20220609_220753_t0087_01.jpg,01 - Annotated Capture/VID_20220609_220753/VID_20220609_220753.mp4,01 - Annotated Capture/VID_20220609_220753/VID_20220609_220753_S.mp4_snapshot_01.27_[2022.06.10_15.19.10].jpg,01 - Annotated Capture/VID_20220609_220753/Annotated/VID_20220609_220753_A.mp4_snapshot_01.27_[2022.06.10_15.37.51].jpg
VID_20220609_220753_t0094_01,validation,VID_20220609_220753,94,0,2,2,False,validation/images/VID_20220609_220753_t0094_01.jpg,validation/labels/VID_20220609_220753_t0094_01.json,validation/annotation_reference/VID_20220609_220753_t0094_01.jpg,validation/review_overlays/VID_20220609_220753_t0094_01.jpg,01 - Annotated Capture/VID_20220609_220753/VID_20220609_220753.mp4,01 - Annotated Capture/VID_20220609_220753/VID_20220609_220753_S.mp4_snapshot_01.34_[2022.06.10_15.21.05].jpg,01 - Annotated Capture/VID_20220609_220753/Annotated/VID_20220609_220753_A.mp4_snapshot_01.34_[2022.06.10_15.38.29].jpg
VID_20220609_220753_t0116_01,validation,VID_20220609_220753,116,0,1,1,False,validation/images/VID_20220609_220753_t0116_01.jpg,validation/labels/VID_20220609_220753_t0116_01.json,validation/annotation_reference/VID_20220609_220753_t0116_01.jpg,validation/review_overlays/VID_20220609_220753_t0116_01.jpg,01 - Annotated Capture/VID_20220609_220753/VID_20220609_220753.mp4,01 - Annotated Capture/VID_20220609_220753/VID_20220609_220753_S.mp4_snapshot_01.56_[2022.06.10_15.25.46].jpg,01 - Annotated Capture/VID_20220609_220753/Annotated/VID_20220609_220753_A.mp4_snapshot_01.56_[2022.06.10_15.38.52].jpg
VID_20220609_221024_t0003_01,final_test,VID_20220609_221024,3,0,3,3,False,final_test/images/VID_20220609_221024_t0003_01.jpg,final_test/labels/VID_20220609_221024_t0003_01.json,final_test/annotation_reference/VID_20220609_221024_t0003_01.jpg,final_test/review_overlays/VID_20220609_221024_t0003_01.jpg,01 - Annotated Capture/VID_20220609_221024/VID_20220609_221024.mp4,01 - Annotated Capture/VID_20220609_221024/VID_20220609_221024_S.mp4_snapshot_00.03_[2022.06.10_18.10.58].jpg,01 - Annotated Capture/VID_20220609_221024/Annotated/VID_20220609_221024_A.mp4_snapshot_00.03_[2022.06.10_18.14.32].jpg
VID_20220609_221024_t0009_01,final_test,VID_20220609_221024,9,0,1,1,False,final_test/images/VID_20220609_221024_t0009_01.jpg,final_test/labels/VID_20220609_221024_t0009_01.json,final_test/annotation_reference/VID_20220609_221024_t0009_01.jpg,final_test/review_overlays/VID_20220609_221024_t0009_01.jpg,01 - Annotated Capture/VID_20220609_221024/VID_20220609_221024.mp4,01 - Annotated Capture/VID_20220609_221024/VID_20220609_221024_S.mp4_snapshot_00.09_[2022.06.10_18.11.44].jpg,01 - Annotated Capture/VID_20220609_221024/Annotated/VID_20220609_221024_A.mp4_snapshot_00.09_[2022.06.10_18.14.59].jpg
VID_20220609_221024_t0011_01,final_test,VID_20220609_221024,11,0,1,1,False,final_test/images/VID_20220609_221024_t0011_01.jpg,final_test/labels/VID_20220609_221024_t0011_01.json,final_test/annotation_reference/VID_20220609_221024_t0011_01.jpg,final_test/review_overlays/VID_20220609_221024_t0011_01.jpg,01 - Annotated Capture/VID_20220609_221024/VID_20220609_221024.mp4,01 - Annotated Capture/VID_20220609_221024/VID_20220609_221024_S.mp4_snapshot_00.11_[2022.06.10_18.41.50].jpg,01 - Annotated Capture/VID_20220609_221024/Annotated/VID_20220609_221024_A.mp4_snapshot_00.11_[2022.06.10_18.13.20].jpg
VID_20220609_221024_t0023_01,final_test,VID_20220609_221024,23,0,1,1,False,final_test/images/VID_20220609_221024_t0023_01.jpg,final_test/labels/VID_20220609_221024_t0023_01.json,final_test/annotation_reference/VID_20220609_221024_t0023_01.jpg,final_test/review_overlays/VID_20220609_221024_t0023_01.jpg,01 - Annotated Capture/VID_20220609_221024/VID_20220609_221024.mp4,01 - Annotated Capture/VID_20220609_221024/VID_20220609_221024_S.mp4_snapshot_00.23_[2022.06.10_18.42.31].jpg,01 - Annotated Capture/VID_20220609_221024/Annotated/VID_20220609_221024_A.mp4_snapshot_00.23_[2022.06.10_18.16.10].jpg
VID_20220609_221024_t0024_01,final_test,VID_20220609_221024,24,0,1,1,False,final_test/images/VID_20220609_221024_t0024_01.jpg,final_test/labels/VID_20220609_221024_t0024_01.json,final_test/annotation_reference/VID_20220609_221024_t0024_01.jpg,final_test/review_overlays/VID_20220609_221024_t0024_01.jpg,01 - Annotated Capture/VID_20220609_221024/VID_20220609_221024.mp4,01 - Annotated Capture/VID_20220609_221024/VID_20220609_221024_S.mp4_snapshot_00.24_[2022.06.10_18.42.59].jpg,01 - Annotated Capture/VID_20220609_221024/Annotated/VID_20220609_221024_A.mp4_snapshot_00.24_[2022.06.10_18.16.59].jpg
VID_20220609_221024_t0029_01,final_test,VID_20220609_221024,29,0,1,1,False,final_test/images/VID_20220609_221024_t0029_01.jpg,final_test/labels/VID_20220609_221024_t0029_01.json,final_test/annotation_reference/VID_20220609_221024_t0029_01.jpg,final_test/review_overlays/VID_20220609_221024_t0029_01.jpg,01 - Annotated Capture/VID_20220609_221024/VID_20220609_221024.mp4,01 - Annotated Capture/VID_20220609_221024/VID_20220609_221024_S.mp4_snapshot_00.29_[2022.06.10_18.43.29].jpg,01 - Annotated Capture/VID_20220609_221024/Annotated/VID_20220609_221024_A.mp4_snapshot_00.29_[2022.06.10_18.18.36].jpg
VID_20220609_221024_t0030_01,final_test,VID_20220609_221024,30,0,1,1,False,final_test/images/VID_20220609_221024_t0030_01.jpg,final_test/labels/VID_20220609_221024_t0030_01.json,final_test/annotation_reference/VID_20220609_221024_t0030_01.jpg,final_test/review_overlays/VID_20220609_221024_t0030_01.jpg,01 - Annotated Capture/VID_20220609_221024/VID_20220609_221024.mp4,01 - Annotated Capture/VID_20220609_221024/VID_20220609_221024_S.mp4_snapshot_00.30_[2022.06.10_18.43.49].jpg,01 - Annotated Capture/VID_20220609_221024/Annotated/VID_20220609_221024_A.mp4_snapshot_00.30_[2022.06.10_18.19.07].jpg
VID_20220609_221024_t0033_01,final_test,VID_20220609_221024,33,0,1,1,False,final_test/images/VID_20220609_221024_t0033_01.jpg,final_test/labels/VID_20220609_221024_t0033_01.json,final_test/annotation_reference/VID_20220609_221024_t0033_01.jpg,final_test/review_overlays/VID_20220609_221024_t0033_01.jpg,01 - Annotated Capture/VID_20220609_221024/VID_20220609_221024.mp4,01 - Annotated Capture/VID_20220609_221024/VID_20220609_221024_S.mp4_snapshot_00.33_[2022.06.10_18.44.44].jpg,01 - Annotated Capture/VID_20220609_221024/Annotated/VID_20220609_221024_A.mp4_snapshot_00.33_[2022.06.10_18.19.46].jpg
VID_20220609_221024_t0034_01,final_test,VID_20220609_221024,34,0,2,2,False,final_test/images/VID_20220609_221024_t0034_01.jpg,final_test/labels/VID_20220609_221024_t0034_01.json,final_test/annotation_reference/VID_20220609_221024_t0034_01.jpg,final_test/review_overlays/VID_20220609_221024_t0034_01.jpg,01 - Annotated Capture/VID_20220609_221024/VID_20220609_221024.mp4,01 - Annotated Capture/VID_20220609_221024/VID_20220609_221024_S.mp4_snapshot_00.34_[2022.06.10_18.45.09].jpg,01 - Annotated Capture/VID_20220609_221024/Annotated/VID_20220609_221024_A.mp4_snapshot_00.34_[2022.06.10_18.21.33].jpg
VID_20220609_221024_t0035_01,final_test,VID_20220609_221024,35,0,1,1,False,final_test/images/VID_20220609_221024_t0035_01.jpg,final_test/labels/VID_20220609_221024_t0035_01.json,final_test/annotation_reference/VID_20220609_221024_t0035_01.jpg,final_test/review_overlays/VID_20220609_221024_t0035_01.jpg,01 - Annotated Capture/VID_20220609_221024/VID_20220609_221024.mp4,01 - Annotated Capture/VID_20220609_221024/VID_20220609_221024_S.mp4_snapshot_00.35_[2022.06.10_18.45.28].jpg,01 - Annotated Capture/VID_20220609_221024/Annotated/VID_20220609_221024_A.mp4_snapshot_00.35_[2022.06.10_18.22.01].jpg
VID_20220609_221024_t0038_01,final_test,VID_20220609_221024,38,0,1,1,False,final_test/images/VID_20220609_221024_t0038_01.jpg,final_test/labels/VID_20220609_221024_t0038_01.json,final_test/annotation_reference/VID_20220609_221024_t0038_01.jpg,final_test/review_overlays/VID_20220609_221024_t0038_01.jpg,01 - Annotated Capture/VID_20220609_221024/VID_20220609_221024.mp4,01 - Annotated Capture/VID_20220609_221024/VID_20220609_221024_S.mp4_snapshot_00.38_[2022.06.10_18.45.49].jpg,01 - Annotated Capture/VID_20220609_221024/Annotated/VID_20220609_221024_A.mp4_snapshot_00.38_[2022.06.10_18.23.07].jpg
VID_20220609_221024_t0045_01,final_test,VID_20220609_221024,45,0,1,1,False,final_test/images/VID_20220609_221024_t0045_01.jpg,final_test/labels/VID_20220609_221024_t0045_01.json,final_test/annotation_reference/VID_20220609_221024_t0045_01.jpg,final_test/review_overlays/VID_20220609_221024_t0045_01.jpg,01 - Annotated Capture/VID_20220609_221024/VID_20220609_221024.mp4,01 - Annotated Capture/VID_20220609_221024/VID_20220609_221024_S.mp4_snapshot_00.45_[2022.06.10_18.46.10].jpg,01 - Annotated Capture/VID_20220609_221024/Annotated/VID_20220609_221024_A.mp4_snapshot_00.45_[2022.06.10_18.24.31].jpg
VID_20220609_221024_t0045_02,final_test,VID_20220609_221024,45,0,1,1,False,final_test/images/VID_20220609_221024_t0045_02.jpg,final_test/labels/VID_20220609_221024_t0045_02.json,final_test/annotation_reference/VID_20220609_221024_t0045_02.jpg,final_test/review_overlays/VID_20220609_221024_t0045_02.jpg,01 - Annotated Capture/VID_20220609_221024/VID_20220609_221024.mp4,01 - Annotated Capture/VID_20220609_221024/VID_20220609_221024_S.mp4_snapshot_00.45_[2022.06.10_18.46.33].jpg,01 - Annotated Capture/VID_20220609_221024/Annotated/VID_20220609_221024_A.mp4_snapshot_00.45_[2022.06.10_18.25.06].jpg
VID_20220609_221024_t0059_01,final_test,VID_20220609_221024,59,0,1,1,False,final_test/images/VID_20220609_221024_t0059_01.jpg,final_test/labels/VID_20220609_221024_t0059_01.json,final_test/annotation_reference/VID_20220609_221024_t0059_01.jpg,final_test/review_overlays/VID_20220609_221024_t0059_01.jpg,01 - Annotated Capture/VID_20220609_221024/VID_20220609_221024.mp4,01 - Annotated Capture/VID_20220609_221024/VID_20220609_221024_S.mp4_snapshot_00.59_[2022.06.10_23.12.17].jpg,01 - Annotated Capture/VID_20220609_221024/Annotated/VID_20220609_221024_A.mp4_snapshot_00.59_[2022.06.10_18.27.11].jpg
VID_20220609_221024_t0059_02,final_test,VID_20220609_221024,59,0,1,1,False,final_test/images/VID_20220609_221024_t0059_02.jpg,final_test/labels/VID_20220609_221024_t0059_02.json,final_test/annotation_reference/VID_20220609_221024_t0059_02.jpg,final_test/review_overlays/VID_20220609_221024_t0059_02.jpg,01 - Annotated Capture/VID_20220609_221024/VID_20220609_221024.mp4,01 - Annotated Capture/VID_20220609_221024/VID_20220609_221024_S.mp4_snapshot_00.59_[2022.06.10_23.12.55].jpg,01 - Annotated Capture/VID_20220609_221024/Annotated/VID_20220609_221024_A.mp4_snapshot_00.59_[2022.06.10_18.27.52].jpg
VID_20220609_221024_t0081_01,final_test,VID_20220609_221024,81,0,1,1,False,final_test/images/VID_20220609_221024_t0081_01.jpg,final_test/labels/VID_20220609_221024_t0081_01.json,final_test/annotation_reference/VID_20220609_221024_t0081_01.jpg,final_test/review_overlays/VID_20220609_221024_t0081_01.jpg,01 - Annotated Capture/VID_20220609_221024/VID_20220609_221024.mp4,01 - Annotated Capture/VID_20220609_221024/VID_20220609_221024_S.mp4_snapshot_01.21_[2022.06.10_23.13.11].jpg,01 - Annotated Capture/VID_20220609_221024/Annotated/VID_20220609_221024_A.mp4_snapshot_01.21_[2022.06.10_18.30.35].jpg
VID_20220609_221024_t0081_02,final_test,VID_20220609_221024,81,0,1,1,False,final_test/images/VID_20220609_221024_t0081_02.jpg,final_test/labels/VID_20220609_221024_t0081_02.json,final_test/annotation_reference/VID_20220609_221024_t0081_02.jpg,final_test/review_overlays/VID_20220609_221024_t0081_02.jpg,01 - Annotated Capture/VID_20220609_221024/VID_20220609_221024.mp4,01 - Annotated Capture/VID_20220609_221024/VID_20220609_221024_S.mp4_snapshot_01.21_[2022.06.10_23.13.33].jpg,01 - Annotated Capture/VID_20220609_221024/Annotated/VID_20220609_221024_A.mp4_snapshot_01.21_[2022.06.10_18.31.23].jpg
VID_20220609_221024_t0083_01,final_test,VID_20220609_221024,83,0,1,1,False,final_test/images/VID_20220609_221024_t0083_01.jpg,final_test/labels/VID_20220609_221024_t0083_01.json,final_test/annotation_reference/VID_20220609_221024_t0083_01.jpg,final_test/review_overlays/VID_20220609_221024_t0083_01.jpg,01 - Annotated Capture/VID_20220609_221024/VID_20220609_221024.mp4,01 - Annotated Capture/VID_20220609_221024/VID_20220609_221024_S.mp4_snapshot_01.24_[2022.06.10_23.13.50].jpg,01 - Annotated Capture/VID_20220609_221024/Annotated/VID_20220609_221024_A.mp4_snapshot_01.23_[2022.06.10_18.32.28].jpg
VID_20220609_221024_t0090_01,final_test,VID_20220609_221024,90,0,1,1,False,final_test/images/VID_20220609_221024_t0090_01.jpg,final_test/labels/VID_20220609_221024_t0090_01.json,final_test/annotation_reference/VID_20220609_221024_t0090_01.jpg,final_test/review_overlays/VID_20220609_221024_t0090_01.jpg,01 - Annotated Capture/VID_20220609_221024/VID_20220609_221024.mp4,01 - Annotated Capture/VID_20220609_221024/VID_20220609_221024_S.mp4_snapshot_01.30_[2022.06.10_23.14.08].jpg,01 - Annotated Capture/VID_20220609_221024/Annotated/VID_20220609_221024_A.mp4_snapshot_01.30_[2022.06.10_18.33.33].jpg
VID_20220609_221024_t0133_01,final_test,VID_20220609_221024,133,0,1,1,False,final_test/images/VID_20220609_221024_t0133_01.jpg,final_test/labels/VID_20220609_221024_t0133_01.json,final_test/annotation_reference/VID_20220609_221024_t0133_01.jpg,final_test/review_overlays/VID_20220609_221024_t0133_01.jpg,01 - Annotated Capture/VID_20220609_221024/VID_20220609_221024.mp4,01 - Annotated Capture/VID_20220609_221024/VID_20220609_221024_S.mp4_snapshot_02.13_[2022.06.10_23.14.34].jpg,01 - Annotated Capture/VID_20220609_221024/Annotated/VID_20220609_221024_A.mp4_snapshot_02.13_[2022.06.10_18.37.28].jpg
VID_20220609_221024_t0137_01,final_test,VID_20220609_221024,137,0,1,1,False,final_test/images/VID_20220609_221024_t0137_01.jpg,final_test/labels/VID_20220609_221024_t0137_01.json,final_test/annotation_reference/VID_20220609_221024_t0137_01.jpg,final_test/review_overlays/VID_20220609_221024_t0137_01.jpg,01 - Annotated Capture/VID_20220609_221024/VID_20220609_221024.mp4,01 - Annotated Capture/VID_20220609_221024/VID_20220609_221024_S.mp4_snapshot_02.17_[2022.06.10_23.14.48].jpg,01 - Annotated Capture/VID_20220609_221024/Annotated/VID_20220609_221024_A.mp4_snapshot_02.17_[2022.06.10_18.38.06].jpg
VID_20220609_221024_t0139_01,final_test,VID_20220609_221024,139,0,1,1,False,final_test/images/VID_20220609_221024_t0139_01.jpg,final_test/labels/VID_20220609_221024_t0139_01.json,final_test/annotation_reference/VID_20220609_221024_t0139_01.jpg,final_test/review_overlays/VID_20220609_221024_t0139_01.jpg,01 - Annotated Capture/VID_20220609_221024/VID_20220609_221024.mp4,01 - Annotated Capture/VID_20220609_221024/VID_20220609_221024_S.mp4_snapshot_02.19_[2022.06.10_23.15.12].jpg,01 - Annotated Capture/VID_20220609_221024/Annotated/VID_20220609_221024_A.mp4_snapshot_02.19_[2022.06.10_18.38.49].jpg
VID_20220609_221024_t0145_01,final_test,VID_20220609_221024,145,0,1,1,False,final_test/images/VID_20220609_221024_t0145_01.jpg,final_test/labels/VID_20220609_221024_t0145_01.json,final_test/annotation_reference/VID_20220609_221024_t0145_01.jpg,final_test/review_overlays/VID_20220609_221024_t0145_01.jpg,01 - Annotated Capture/VID_20220609_221024/VID_20220609_221024.mp4,01 - Annotated Capture/VID_20220609_221024/VID_20220609_221024_S.mp4_snapshot_02.25_[2022.06.10_23.15.33].jpg,01 - Annotated Capture/VID_20220609_221024/Annotated/VID_20220609_221024_A.mp4_snapshot_02.25_[2022.06.10_18.39.41].jpg
VID_20220609_221024_t0146_01,final_test,VID_20220609_221024,146,0,1,1,False,final_test/images/VID_20220609_221024_t0146_01.jpg,final_test/labels/VID_20220609_221024_t0146_01.json,final_test/annotation_reference/VID_20220609_221024_t0146_01.jpg,final_test/review_overlays/VID_20220609_221024_t0146_01.jpg,01 - Annotated Capture/VID_20220609_221024/VID_20220609_221024.mp4,01 - Annotated Capture/VID_20220609_221024/VID_20220609_221024_S.mp4_snapshot_02.26_[2022.06.10_23.15.47].jpg,01 - Annotated Capture/VID_20220609_221024/Annotated/VID_20220609_221024_A.mp4_snapshot_02.26_[2022.06.10_18.40.00].jpg
